"year","KNC_NF_corp","KNR_NF_corp","KGC_NF_corp","KGR_NF_corp","IG_cc_NF_corp","IG_R_NF_corp","pK_NF_corp","z_NF_corp","rho_NF_corp","KNC_gov_trans","KNR_gov_trans","KGC_gov_trans","KGR_gov_trans","IG_cc_gov_trans","IG_R_gov_trans","pK_gov_trans","z_gov_trans","rho_gov_trans","KGC_productive","KNC_productive","KNR_productive","KGR_productive","IG_productive","pK_productive","share_NF_corp","share_govt","GVA_NF","CCA_NF","NVA_NF","EC_NF","NOS_NF","TPI_NF","GOS_NF","ProfSh","WageSh","Py_fred","KGC_NF_IPP","KNC_NF_IPP","KNR_NF_IPP","pK_NF_IPP","z_NF_IPP","KGC_fin_corp","KNC_fin_corp","KNR_fin_corp","pK_fin_corp","z_fin_corp","KGC_total","R_NVA_KGC","k_Py","k_pK","y_t","y_GVA","y_GOS","y_NOS"
1929,102600,1891178.93316,37276.6700960332,687103.83220247,7769,143202.428184406,5.4251873369044,0.0877231614031146,0.0159704800040612,18080,625814.7871,6143.31832420606,106321.334323854,1428,24714.1459064934,5.77806736839249,0.0269971900356502,0.00717137665999204,43419.9884202393,120680,2516993.72026,793425.166526324,9197,5.78652142190066,0.858514049687252,0.141485950312748,50825,5016,45809,32147,10709,2953,15725,0.233775022375516,0.701761662555393,8.778,1966.12793778727,2451,23456.64374,10.4490652079964,0.16936290066886,1802.1054552209,3416,42584.98002,8.02160761469344,0.0978825692849896,45386.1163580266,1.05502100914074,13.1115967714624,13.5283140423813,13.1651574520697,13.2690652332186,12.0959286762907,11.7117613831229
1930,97578,1924280.47548,40701.7668551413,802656.493030062,6446,127117.915359447,5.07088240219554,0.119583572566569,0.0168318876854209,18086,673215.6537,7304.17904842333,135941.824417399,1634,30411.2124888256,5.37301825963171,0.0484161512870703,0.0074370999979328,48005.9459035646,115664,2597496.12918,938598.317447461,8080,5.37412413847019,0.847848450625343,0.152151549374657,45259,4872,40387,28791,8605,2991,13477,0.213063609577339,0.712877906256964,8.457,2194.96957497094,2510,25413.9949,9.87644803533033,0.214530840299636,2007.19111194624,3385,44136.79172,7.66933859052137,0.105328059496674,50200.9154785356,0.841291620024117,13.2492558403973,13.7026547314439,13.076438915176,13.1903325095667,11.9789154929572,11.5302743938336
1931,87862,1918200.60036,40270.747872706,879189.783369044,4175,91148.4772313742,4.58043856223955,0.157600675883979,0.0182085201070508,17270,723259.6913,7930.35661333534,166059.851651993,1488,31158.3792893573,4.77560140783142,0.0716638601358729,0.00765292108754719,48201.1044860414,105132,2641460.29166,1045249.63502104,5663,4.80347169242324,0.835473549872039,0.164526450127961,35431,4560,30871,23522,4553,2796,9113,0.14748469437336,0.761944867351236,7.587,2279.35012637536,2484,26834.653,9.2566876120962,0.223592482571689,1872.72735536156,2885,44479.82378,6.48608684753202,0.246615960704376,50480.4546124167,0.640462502450332,13.3618711440565,13.8189684746769,12.9163064405136,13.0540763517617,11.6961911741283,11.0022755649669
1932,82123,1890165.62064,39981.5838385271,920227.16206568,2552,58737.5359384494,4.34475154469234,0.099482787637869,0.0201323509174393,14142,765198.0045,7152.46402373709,193503.436509039,1063,28758.5022904646,3.69629819127423,0.156767632387913,0.0079183343856867,47134.0478622642,96265,2655363.62514,1113730.59857472,3615,4.37530979907517,0.848252710129244,0.151747289870756,25721,4076,21645,17432,1319,2894,5395,0.0609378609378609,0.805359205359205,6.7,2226.00762647135,2386,27844.89876,8.56889450583156,0.234840491100044,1820.36718601311,2624,44055.11742,5.95617524970837,0.149473657103446,49360.0554887356,0.459222175512091,13.4638135629896,13.8899437608668,12.6855924194673,12.8581257174357,11.2962905372834,9.88769181230849
1933,82685,1859597.35962,42380.3574425612,953140.240671688,2380,53526.5370489883,4.44639263291363,0.021631478751722,0.0224004020884456,18084,789206.80775,9726.90747403765,212246.781598785,932,20336.7823717927,4.5828291956976,-0.0858339296040215,0.00823467174947188,52107.2649165988,100769,2648804.16737,1165387.02227047,3312,4.59136155598616,0.813329149215446,0.186670850784554,24976,3860,21116,16597,1114,3405,4974,0.0527562038264823,0.785991665088085,6.514,2183.41080018233,2374,29012.99542,8.18254015358749,0.193116280491416,2071.38753262094,2843,43254.70928,6.57269473618804,-0.038679263615557,54290.6757167811,0.405240997273558,13.5922761389317,13.9420532304098,12.6890028050776,12.8568871218893,11.2431961034974,9.74692889962128
1934,83912,1840682.19258,45340.6524292709,994586.370561041,2956,64842.4130191925,4.55874459688146,0.020395333481987,0.0245465275008763,21846,813964.50945,12398.5759431337,230980.517839224,1104,20567.0790632793,5.36780160470669,-0.0627433492852014,0.0086377885640038,57739.2283724046,105758,2654646.70203,1225566.88840027,4060,4.80807124692401,0.785265991724625,0.214734008275375,31484,3944,27540,19585,3938,4017,7882,0.142992011619463,0.711147421931736,6.871,2307.256347129,2582,30875.63604,8.36258076321073,0.120763231512379,2172.37473135322,2842,42764.66348,6.64567371453568,0.0452242049022964,60046.4847195336,0.476972082522015,13.6415526192359,13.9985662597499,12.9012553022218,13.0350952892015,11.6501974876941,10.9562887891382
1935,83436,1829704.64028,47588.3101805641,1043584.92689561,3428,75174.1155721732,4.5600802535666,0.046511303634066,0.026318035328435,21494,836607.67435,12738.9591944735,247918.280109055,977,19013.8107806818,5.13837026816655,0.0317756260377863,0.00898798102226011,60327.2693750376,104930,2666312.31463,1291503.20700466,4405,4.74955640981022,0.788835806320372,0.211164193679628,34931,4020,30911,21537,5298,4076,9318,0.171395296172883,0.69674226003688,7.012,2430.54719050883,2799,33148.689,8.44377284422922,0.132716110267251,2296.81835854345,2872,42503.30572,6.75712147878553,0.0401431273952984,62757.8165655464,0.51238851551253,13.6650867278617,14.0546584686434,12.9964146055216,13.1186771850061,11.7972505113058,11.2326318887611
1936,91866,1837642.25502,55142.5579328893,1103044.59220349,4422,88455.5118509398,4.99912318347295,-0.0438180336995967,0.0277848460587817,24603,879867.57305,15303.4580709986,273645.825960289,1568,28037.8887644271,5.59243248724701,-0.0329366970095832,0.00931896959020707,70446.016003888,116469,2717509.82807,1376690.41816378,5990,5.17253715535062,0.782763328019089,0.217236671980911,40184,4080,36104,24641,7181,4282,11261,0.198897629071571,0.68250055395524,7.097,2652.8336883327,3134,35895.29466,8.73094936170667,0.106765429847753,2549.30801648772,3061,42617.64974,7.18247021756109,-0.00425840349481124,73098.8496922207,0.512505916558963,13.808099991483,14.124408837166,13.1396569679521,13.2467222118751,11.9745987341423,11.5246919545556
1937,95067,1861792.87008,60416.5625679002,1183198.43293318,5723,112079.276672955,5.10620711507586,0.0268773029959792,0.0289430147873591,23979,916651.7028,15587.4795579511,297933.393368282,1407,26892.8843120981,5.23186722432389,0.0441200399721408,0.00952076244891641,76004.0421258513,119046,2778444.57288,1481131.82630146,7130,5.17103486268859,0.794912492520588,0.205087507479412,45751,4556,41195,28781,7885,4529,12441,0.191406724117004,0.698652749120039,7.402,2871.75898736378,3447,38673.4705,8.91308681490067,0.12221122518938,2866.78276544268,3314,43107.69554,7.68772247851874,-0.0106826955483236,78875.8011132151,0.54201064637835,13.8419617557447,14.2006391543548,13.2294921207738,13.3343888804124,12.0321727009386,11.5761374514213
1938,93989,1863481.72428,62373.2475443648,1236649.04279135,4467,88565.3944861501,5.04373070985254,0.0590497817264569,0.0296778491676428,24336,962422.61395,16537.5499193564,327007.561261416,1617,31973.9761414602,5.05723777626537,0.0271802108997677,0.0097330756231889,78910.7974637212,118325,2825904.33823,1563656.60405277,6084,5.0533974020401,0.790427286874658,0.209572713125342,40242,4632,35610,25513,5613,4484,10245,0.157624262847515,0.716456051670879,7.19,3050.82120995757,3710,41735.77796,8.8892556490877,0.14282457780956,2921.21202570153,3261,42764.66348,7.62545460348376,0.066014477015968,81961.6186736788,0.45126904231796,13.9085523617098,14.261182763473,13.112860790527,13.2351455195829,11.8670240749281,11.2653196291973
1939,94830,1868717.1723,65643.9409612188,1293577.55701441,4824,95061.6011723632,5.07460419402494,0.0421194793862446,0.0308358197271761,24799,1012158.2816,17494.5753446178,357015.994962098,1629,33243.393699875,4.90022172437264,0.0247239012351852,0.00989261528606289,83138.5163058366,119629,2880875.4539,1650593.55197651,6453,5.01159981919362,0.789573159084754,0.210426840915246,44443,4636,39807,28023,7132,4652,11768,0.179164468560806,0.703971663275303,7.12,3228.93600027305,3970,44545.52398,8.91223100615552,0.137380771824996,2877.59228964907,3103,42601.31488,7.28381273850485,0.107226624866101,86367.4523061097,0.47880334854142,13.9705258274795,14.3216783635917,13.2340605157688,13.34422520879,12.0154017228455,11.5146094395472
1940,100547,1888983.4227,72640.7584543806,1364706.93837389,5979,112327.885310584,5.32281007825279,0.00263400590545585,0.0318484993247654,25227,1054272.8062,18404.9407114533,384584.542193057,1491,31155.5229326555,4.78566834914915,0.0219453359319109,0.010047100836693,91045.6991658339,125774,2943256.2289,1749291.48056695,7470,5.15735702393501,0.797849421992687,0.202150578007313,51078,4844,46234,31010,10197,5027,15041,0.220551974737206,0.67071851883895,7.205,3485.26563565902,4336,47292.12964,9.16854460352443,0.110915879711597,3383.34430341438,3556,43026.02124,8.26476605904265,-0.0644721700815006,94530.9648014929,0.507810917194317,14.0495118046166,14.38386279046,13.3718656936781,13.4715041116487,12.2489300411918,11.8602437949008
1941,112617,1920733.88166,84748.8890558626,1445430.64228882,7339,125169.965080785,5.86322764831276,-0.0427157508538014,0.0325683558250403,29516,1077664.86955,22063.2881945282,402778.672482725,1212,22125.7931612447,5.4777697286031,-0.0532807979148673,0.0102231432630036,106812.177250391,142133,2998398.75121,1848209.31477154,8551,5.72097342245863,0.793438456527227,0.206561543472773,66680,5364,61316,39642,15756,5918,21120,0.256963924587383,0.646519668601996,7.692,4125.27188765797,5140,52248.6479,9.8375751461312,0.0700713792189846,4140.28905742268,4279,44120.45686,9.6984489838304,-0.100171184412654,110937.449138049,0.574054396965077,14.1438165764685,14.4398584345306,13.5887854575476,13.6726496951263,12.5229650960818,12.2299658823524
1942,120147,1918369.48578,93512.6586336696,1493102.87278911,5984,95545.6482717631,6.2629749321283,-0.0128517307644599,0.0331205222657105,37847,1079206.7193,28771.6349421668,410211.400571156,817,11648.3722576175,7.01385551501171,-0.0994101318624366,0.0104664036534049,122284.293575836,157994,2997576.20508,1903314.27336027,6801,6.36113712381279,0.764715205028979,0.235284794971021,84033,6124,77909,50790,20842,6277,26966,0.267517231642044,0.651914412968977,8.304,4862.42534170897,6043,55973.92914,10.7960975633593,0.0519428486581313,4103.71423223298,4124,43026.02124,9.58489742055452,0.0730686375093321,127146.718917545,0.637113710369383,14.202536747611,14.4690669196118,13.7517296174843,13.8273977173847,12.6907649517586,12.4331583201169
1943,121044,1903338.6834,96927.2291483337,1524118.04560986,5216,82018.229508397,6.35956180871472,0.0354016703446049,0.0341591042500489,41756,1070924.7835,32141.1334011593,412165.1538591,497,6373.33098715753,7.79812002548543,-0.0405428679109393,0.0107739026586291,129068.362549493,162800,2974263.4669,1936283.19946896,5713,6.60601202082302,0.75097589551557,0.24902410448443,99680,6304,93376,61991,24744,6641,31048,0.264993145990404,0.663885795065113,8.683,5460.47085216773,6834,57678.71886,11.8483907671177,0.0529251324743853,4312.24139811255,4236,41572.2187,10.1894970546761,-0.00091238062870733,134528.833401661,0.723461568393212,14.2119005801277,14.4852875245567,13.888192726792,13.9535234289309,12.7870927679583,12.5601414092745
1944,122510,1906209.73554,101135.38704882,1573628.76010176,6646,103409.271915753,6.42688984931109,0.0423460424830322,0.0353637682980696,37969,1060704.5223,29564.2617756858,412954.596696396,384,5363.72483556586,7.1592039445008,0.0544022029532655,0.0110981774064133,130699.648824505,160479,2966914.25784,1986583.35679815,7030,6.52796187799955,0.773799990730024,0.226200009269976,103244,6496,96748,64833,24577,7338,31073,0.254031091081986,0.670122379790797,8.89,5901.44680698744,7498,59225.65768,12.6600535877747,0.0784699674702526,4397.33546135696,4236,40118.41616,10.5587418583675,0.0225538048832071,136601.095631493,0.740231522197176,14.2009003491889,14.5097326208371,13.900108075306,13.9650935342169,12.7643376903516,12.529809461686
1945,134003,1936102.45488,113996.133140544,1647039.19479589,9022,130351.681290175,6.92127628175057,-0.0187290554947323,0.0361846758522383,36197,1051189.1067,28508.2595896318,413951.044721894,393,5706.51323221676,6.88686740935383,0.0296375130688511,0.0114057701364732,142504.392730175,170200,2987291.56158,2060990.23951778,9415,6.87616579097695,0.799948204799478,0.200051795200522,96576,6736,89840,61658,20084,8098,26820,0.223552983081033,0.686308993766696,9.12,6237.39694861405,8050,61845.98262,13.0162051906614,0.114282999377558,4453.18992029212,4235,39170.99428,10.8115713625434,0.0302022082152375,148741.789678789,0.630436706397587,14.2618284862942,14.5442370916065,13.8004859713142,13.8727859240294,12.5916035387375,12.3023791390564
1946,161715,1992172.41432,141769.81479468,1746467.02048181,12964,159703.943228794,8.11752029280052,-0.0938385763432126,0.0365966503610394,39026,1051497.47665,31190.1660309372,420186.297312369,822,11073.7831933365,7.42293745189655,-0.0257211699940058,0.0116886541646776,172959.980825617,200741,3043669.89097,2166653.31779418,13786,7.95981420818325,0.819668307766615,0.180331692233384,100771,7752,93019,66853,16641,9525,24393,0.178898934626259,0.718702630645352,10.296,7046.68041120713,9122,66392.08854,13.7395888585493,0.0900277101318086,5646.74644511625,5394,40624.79682,13.2776048675386,-0.145165233170764,180006.661236824,0.537806488853537,14.3342302377071,14.5915800490975,13.7139737680383,13.7940206105078,12.3754662005702,11.9930395244176
1947,192728,2075432.92638,173066.487597363,1863703.70061695,16831,181248.244074041,9.28615892859322,-0.0766609941191812,0.0366520313227827,47724,1066695.7099,38620.6172644474,431611.419303452,1470,16428.2404403759,8.94800636340311,-0.076821648930075,0.0119069052972316,211687.10486181,240452,3142128.63628,2295315.1199204,18301,9.2356789744453,0.817558007183957,0.182441992816043,122211,9476,112735,78763,22780,11192,32256,0.202066793808489,0.698656140506497,11.426,8197.65330644679,10596,70306.79086,15.0710903888353,0.0545671959757645,6782.55808191501,6465,41784.57188,15.472217876413,-0.094661458454808,219884.758168257,0.532554876564605,14.4321432686333,14.6449605961196,13.8020739365064,13.8827830637208,12.5507380771169,12.202916962687
1948,211040,2156329.04256,194649.065120068,1988852.50296416,18915,193266.507960682,9.78700355254932,0.00296864908310353,0.0365496433746002,51553,1087312.4437,42292.309895187,445996.884971325,1858,19593.6853373674,9.48264692429547,-0.0194857216959035,0.0120669181503579,236941.375015255,262593,3243641.48626,2434849.38793548,20773,9.77045286979341,0.821507282582183,0.178492717417817,140041,11120,128921,87467,29076,12378,40196,0.225533466231258,0.678454247174626,12.067,8821.28928214934,11341,73274.38778,15.4774408133581,0.122223640124266,7363.98837951898,6973,42928.01208,16.2434728796787,0.00486204635841563,245762.664297404,0.544105055487669,14.4902637586098,14.7013753946202,13.8816508245443,13.9643862477566,12.7162184990655,12.3923641025012
1949,215670,2209190.17902,204285.86406433,2092578.12678413,17205,176237.385960213,9.76240081311929,0.0597360259594365,0.0364590948962625,47225,1118942.39,39472.5671857911,467628.678309207,2285,27070.2314573849,8.44100651151486,0.0720526451679766,0.0121938926094784,243758.431250121,262895,3328132.56902,2560206.80509334,19490,9.53336245225977,0.838066864053256,0.161933135946744,136291,12008,124283,84902,26426,12955,38434,0.212627632097712,0.683134459258306,12.046,9072.3609839314,11655,75515.87056,15.4338418051338,0.152178965449108,6923.59600775283,6448,43989.77798,14.6579507696802,0.171954372835394,252830.792234053,0.509861338385759,14.5203705093725,14.7543056804082,13.8467540336231,13.9389851160567,12.6731352948589,12.2985411843407
1950,241923,2269313.38854,233818.311394503,2193288.87511051,18927,177541.178411712,10.6606254218438,-0.0311064984215169,0.0367156805769544,53022,1159118.5892,44701.3995904992,488610.607187628,2444,26714.2491041907,9.14867563923631,-0.032754245229361,0.0122582734799248,278519.710985002,294945,3428431.97774,2681899.48229814,21371,10.3826902270673,0.839503640757023,0.160496359242977,154866,12848,142018,94387,33268,14363,46116,0.234251996225831,0.664612936388345,12.195,9898.6660120833,12817,78483.46748,16.3308278947616,0.0887096542713573,7786.51206407761,7163,45198.55762,15.8478508544937,-0.0144876927939557,288418.376997086,0.509902870061672,14.6413882656948,14.8022742791135,13.9678532434335,14.054459660183,12.8430593946731,12.5164954073088
1951,262117,2342947.43166,259077.394904334,2315777.75189047,22791,203718.62532748,11.1874895893113,0.0102292744316613,0.0370355904638573,59736,1192554.70235,51024.186489785,509317.108041854,2678,26731.4642166642,10.0181567993966,-0.0347564540387963,0.0123308075465587,310101.581394119,321853,3535502.13401,2825094.85993232,25469,10.9867907597158,0.83545976689188,0.16454023310812,177643,14636,163007,109808,37834,15365,52470,0.232100461943352,0.673639782340636,13.06,10470.3969535977,13607,80693.38008,16.8625976337959,0.118177306992798,9140.11155954565,8329,46848.37848,17.7786302754443,-0.0492801829774034,320571.978347717,0.525656784035643,14.6802712668417,14.8531316795035,14.0371644857919,14.1231472594915,12.9036129188206,12.5765795103654
1952,277787,2421310.26654,280246.638322454,2442749.52583627,24435,212985.90777432,11.4725900203179,0.032608280772771,0.0371426548848668,62966,1226783.7668,54592.8267384565,531823.473195562,2959,28825.5023819299,10.265215713482,-0.00221372108492991,0.01240707827883,334839.46506091,340753,3648094.03334,2974572.99903183,27394,11.2729624305011,0.83695820703654,0.16304179296346,185883,15580,170303,117770,35736,16797,51316,0.209837759757608,0.691532151518176,13.286,11374.2057775226,14631,85649.89834,17.0823320092221,0.14168281509163,9660.00217444157,8705,48106.1627,18.0953946675942,0.0434095411588749,346213.670838433,0.508610894982228,14.7398658239216,14.9041695198053,14.0637938192125,14.1513320592585,12.8642172101143,12.502373199777
1953,292500,2509130.68494,301082.212814788,2582750.83372041,26931,231020.165730322,11.6574238940844,0.0432859634595563,0.0372608230534871,58242,1270660.4054,51496.2992095468,561745.033053488,3351,36554.230782729,9.16720152016787,0.0718021968309997,0.0124715648313704,352578.512024335,350742,3779791.09034,3144495.8667739,30282,11.199132240044,0.853943738902635,0.146056261097365,199043,16728,182315,128198,36232,17885,52960,0.198732962180841,0.703167594547898,13.447,12965.4267968855,16229,92879.46956,17.4731833384514,0.13778114048977,10004.0728630255,8904,50458.38254,17.6462255660722,0.0915310567959765,365543.938821221,0.517090502632266,14.7794427587274,14.9623624948372,14.119905392381,14.207690313913,12.8837063437572,12.5041121383824
1954,301967,2583102.4989,317038.503835346,2712027.97492639,26377,225635.564858032,11.6900897323506,0.0576504207453069,0.0373084474096355,60715,1331497.39125,54659.2814880336,599346.872345518,4069,44617.1694391522,9.11980757889449,0.0137726564568417,0.0124884595934726,371697.785323379,362682,3914599.89015,3311374.84727191,30446,11.1815759520766,0.852946980998341,0.147053019001659,196164,17724,178440,125945,35178,17317,52902,0.197141896435777,0.705811477247254,13.572,14552.447648465,17682,99730.19862,17.7298353404202,0.14738230607951,10158.3600414025,8891,52777.93266,16.8460558265451,0.119173003468976,386250.232971844,0.480067428555583,14.8229977370969,15.0167391645019,14.0891690283083,14.1838676621053,12.8733577633812,12.4653375052584
1955,332305,2666869.66722,354209.343782078,2842660.07065294,28956,232382.5343706,12.4604889426937,-0.00429369626546671,0.0375182113107872,67278,1399514.99165,61214.6782099008,636692.974403123,4309,44817.8460939672,9.61447364285546,-0.0176071100465309,0.0124664770621408,415424.021991979,399583,4066384.65887,3479353.04505606,33265,11.8594060962679,0.852645309444617,0.147354690555383,221376,18912,202464,137886,45418,19160,64330,0.224326299984195,0.681039592223803,13.801,16548.7533077774,19561,107022.9102,18.2773949647278,0.133639949600279,11443.2120071039,9926,56485.94588,17.572512676139,0.0259854835407519,431972.775299756,0.487367097909204,14.917484150014,15.0691038872041,14.1987465046288,14.288047024979,13.0522104970872,12.7040929139068
1956,368854,2774787.4506,398952.995274206,3001213.93469001,35341,265860.647550669,13.2930542092599,-0.00340753532465416,0.0377487215659087,77285,1467752.8563,71143.9391454047,675562.656978076,4929,46804.3852539477,10.5310645001672,-0.0344542554089017,0.012462368830807,470096.934419611,446139,4242540.3069,3676776.59166808,40270,12.6913729975435,0.848661129362096,0.151338870637904,237233,21356,215877,150770,44304,20803,65660,0.205227977042483,0.698406963224429,14.271,19243.8874880182,22101,116557.10456,18.9615211217117,0.131817738328956,13298.9977323771,11441,60177.62424,19.012049984511,-0.0098704399855845,489340.821907629,0.459218055243277,15.0076348757368,15.1249419107455,14.2294047598966,14.3237387394017,13.0391858709254,12.6457709252806
1957,396424,2881691.92146,435574.865028179,3166288.03942933,38305,278447.341865087,13.7566405710418,0.0281228892629996,0.0377757932599612,79571,1540924.64015,74379.5074738859,720194.642449711,5479,53051.5269594566,10.3276951937447,0.0210640837301905,0.0124630060599917,509954.372502064,475995,4422616.56161,3886482.68187904,43784,12.9893523784684,0.854144779445764,0.145855220554237,247921,23756,224165,158411,43705,22049,67461,0.194967992327081,0.706671425066357,14.744,21836.5683099157,24419,125081.05316,19.5225410908269,0.143002112318893,14347.7150196918,12194,63362.92194,19.2446933106191,0.0568172043815002,531790.94081198,0.439578542880505,15.0564105006366,15.1831167469556,14.2344716324387,14.3351993916333,13.0336388977255,12.5995517566352
1958,404910,2943335.09976,453062.563812608,3293361.35550346,33954,246815.341624685,13.7568433860289,0.0642433972949808,0.0378177929674826,86078,1627224.1733,81397.3654649847,769370.57510373,6151,58139.4542738464,10.5797346686946,-0.00218370426384312,0.0124459709799259,534459.929277593,490988,4570559.27306,4062731.93060719,40105,12.9648031826655,0.847701649822455,0.152298350177545,242248,25496,216752,155209,39237,22306,64733,0.181022551118329,0.716067210452499,15.08,24160.7403875224,26398,133068.3087,19.8379315540215,0.160839906148336,15062.3000871512,12587,65829.4858,19.1206111471708,0.0796508376973398,558620.669665116,0.405553322384663,15.0808128614346,15.2319439858049,14.1783099452288,14.2895180971933,12.9698272202357,12.4691762815655
1959,422056,3016124.71578,480103.408286131,3430946.97353436,36860,263411.388592156,13.9933205610449,0.0478645807885574,0.0382058805514888,86534,1719735.1583,82946.87413458,824223.170778666,6482,64410.0775192445,10.0636426001247,0.0367981965841513,0.0124224686433061,563050.282420711,508590,4735859.87408,4255170.14431302,43342,12.9608465435401,0.852683007673901,0.147316992326099,271655,26688,244967,170794,49776,24397,76464,0.203194716022975,0.697212277572081,15.287,26938.1480408089,28975,141844.81874,20.4272530060551,0.148442730418602,15958.8503693996,13152,68802.43032,19.1156038221761,0.0727925594537321,589988.43046152,0.435071267430713,15.1192916066851,15.2843613921955,14.2870461785465,14.3904555498167,13.1227427127871,12.6934556111066
1960,431682,3106478.41548,498455.714025098,3586996.71677679,40047,288187.001322102,13.8961853991604,0.0725819431500229,0.0385133489671948,90109,1813435.57025,87075.8455461399,876196.803998297,6180,62185.9737881066,9.93793233994827,0.0152422865488129,0.0123902614371149,585531.559571238,521791,4919913.98573,4463193.52077509,46227,12.7998084256287,0.851287528190791,0.148712471809209,282484,27560,254924,180409,47915,26600,75475,0.187957979633146,0.707697196027051,15.495,29346.563008321,31150,150558.18842,20.6896750863549,0.168601930808009,16801.5236599633,13718,72690.127,18.8718888880191,0.0835623390539073,614878.122579559,0.435371921176496,15.1449281572306,15.3360153444045,14.3133735352507,14.4160299855449,13.0962095493234,12.6418366815262
1961,443252,3190414.46922,519265.705889766,3737541.67254845,40201,289356.510691691,13.8932419056,0.0663383368096337,0.0386985452957887,96367,1918105.14185,93661.7698336629,932129.890484917,6711,66788.4421376371,10.0481457348115,0.00248605164632684,0.0123891751276442,612927.475723429,539619,5108519.61107,4669671.56303337,46912,12.7484258891166,0.847189474214522,0.152810525785478,290423,28564,261859,184516,49723,27620,78287,0.189884632569436,0.704638755971725,15.66,32064.7808475721,33666,160818.49692,20.9341590953604,0.172567559775251,17964.3409291726,14559,76479.81452,19.0363955396266,0.0593311832288765,644992.256571001,0.427226728074038,15.1800623929423,15.3857642791994,14.3296219653654,14.4331542553239,13.1221973355231,12.668283377122
1962,457910,3288030.24198,543749.297295738,3904400.71971296,43511,312431.446919246,13.9265750708015,0.0649380951142526,0.0389487027860954,104767,2020836.38805,102631.490613308,989822.419231177,7179,69237.3764153357,10.3686771100846,-0.00613931481640098,0.0123854494817987,646380.787909047,562677,5308866.63003,4894223.13894414,50690,12.7915079164788,0.841221316392606,0.158778683607394,316808,29824,286984,199256,57859,29869,87683,0.201610542748028,0.694310484208179,15.85,34516.7751470135,35890,170573.68254,21.0407604887018,0.181574047910429,19356.9743178293,15620,81184.2542,19.2401841390569,0.0563376179565842,680897.56305606,0.443985968284042,15.2211447497368,15.435532743336,14.4091824297236,14.5080518767936,13.2234840025898,12.8077649809484
1963,473397,3392401.43154,569738.42040151,4082791.89131621,46201,331080.126275789,13.9546279988774,0.0669394767075591,0.0391068862121714,113625,2135902.43225,112025.767993537,1052920.17747886,8018,75360.4651343476,10.6395309340329,-0.00390684022950722,0.0123887948468489,681764.188395047,587022,5528303.86379,5135712.06879507,54219,12.8152436438144,0.835682527917374,0.164317472082626,337829,31340,306489,210106,64716,31667,96056,0.211152765678377,0.685525418530518,16.032,37625.3020187652,38893,181749.52626,21.3992304686187,0.169993221482827,20667.5456368962,16581,85398.64808,19.415998230402,0.0577311040721138,719389.490413812,0.449552800245362,15.2630225733042,15.4869739261785,14.4635206057299,14.5608785903718,13.3032700947962,12.9083472062109
1964,499570,3521261.007,608273.761212644,4287468.57685472,51757,364813.551532916,14.1872470971874,0.0531573198153778,0.0392223924846649,119850,2248633.6754,118968.124857901,1116043.93764985,8119,76164.6091388093,10.6598065581919,0.0083185808254612,0.0123854108286216,727241.886070545,619420,5769894.6824,5403512.51450456,59876,12.9563220196862,0.836411891096217,0.163588108903783,364523,33252,331271,225657,71736,33878,104988,0.216547781121801,0.681185494655433,16.276,40761.1385270041,41901,192230.82602,21.7972324561725,0.170661788513075,22855.2912281939,18346,92161.28012,19.9064075239757,0.0411769479822149,768003.024597549,0.455516941948893,15.3124929751422,15.5406007494122,14.5261706063482,14.6218234844259,13.3770798927429,12.9962265484805
1965,534604,3698084.04174,657066.830863296,4545211.71104637,61567,425885.21634295,14.4562425830772,0.0521233970317517,0.0392170995862202,131815,2367179.89475,131481.806033289,1180598.14045223,8730,78388.1974022968,11.1368806648234,-0.0129179026863891,0.012395564487405,788548.636896585,666419,6065263.93649,5725809.85149859,70297,13.2605660145096,0.833261006510963,0.166738993489037,400741,35828,364913,245400,83491,36022,119319,0.228797000928989,0.672489059035989,16.574,44723.9111692837,45810,205490.30162,22.2930229012528,0.167615382378873,25174.8018903071,20185,99904.00376,20.2043954599563,0.0538112849618519,833272.548065869,0.462765367823287,15.3752843498553,15.598324882575,14.6047492315501,14.6984055958894,13.4868908413301,13.1298291041599
1966,582406,3916621.77522,720914.729453728,4848079.05044815,71377,480003.146344437,14.870110861478,0.042870714181567,0.0389719595485851,146799,2497091.7494,146889.016013532,1249311.47339177,9802,83367.3707846062,11.7575976161287,-0.0186186227335342,0.0124123843185556,867803.74546726,729205,6413713.52462,6097390.52383992,81179,13.7215911785789,0.830734752205475,0.169265247794525,440080,39392,400688,272851,90864,36973,130256,0.226769955676237,0.680956255240985,17.039,49637.303329584,50490,221748.94432,22.7689922740463,0.172586726588877,27902.4015737916,22327,107516.04852,20.7662021692015,0.0402000024430266,917441.048796844,0.461726516038777,15.443386220141,15.6599204636859,14.6706037003391,14.7643771593043,13.5469223755687,13.1867845138722
1967,632741,4112866.63326,790268.421236841,5136807.35249345,73210,475870.800566052,15.3844278558205,0.0379636638314252,0.0386013710942788,161719,2631893.4704,161810.202661972,1316688.87338576,10188,82902.2275565493,12.2891752131154,-0.0154201110024024,0.0124267069447494,952078.623898813,794460,6744760.10366,6453496.22587922,83398,14.2157548119405,0.830045335962538,0.169954664037462,463191,43452,419739,291064,89364,39311,132816,0.2129037330341,0.693440447516195,17.533,55727.5480217405,56339,238197.0081,23.6522702150599,0.154455806416098,30929.0979962135,24666,115683.47852,21.3219729520284,0.042792565558265,1007806.17192055,0.440865900634494,15.5074882649924,15.7172222411079,14.6884737350215,14.7869801415004,13.5378053571949,13.1415585619987
1968,696068,4311982.54344,876899.251091756,5432190.91103637,79559,492849.864055729,16.1426442010754,0.0244485289132358,0.0384414465956099,175348,2774096.0702,175466.1368625,1387982.52823938,11086,87693.127478606,12.6418116433407,-0.0076430858591413,0.0124550855987887,1052365.38795426,871416,7086078.61364,6820173.43927575,90645,14.8417106120079,0.833265005794616,0.166734994205384,510944,48092,462852,320869,96448,45535,144540,0.208377623948908,0.693243196529344,18.28,62571.1177723813,62839,255118.62458,24.6312867606006,0.153857984827077,35670.7679325165,28497,127215.88968,22.4005036412367,0.0198736715073294,1114936.50572664,0.439820622473873,15.5659135588906,15.7742796234695,14.7445252475024,14.8433778941015,13.5806741847991,13.1761219019483
1969,767094,4523595.9747,974416.586014208,5746188.79325713,88572,522314.009327577,16.9576152311187,0.0239958619170458,0.0383484547061088,199542,2904580.6119,199424.088555477,1451432.13249358,11098,80772.5582355248,13.7398149104543,-0.0343586654638385,0.0124806714990108,1173840.67456969,966636,7428176.5866,7197620.92575071,99670,15.705260401124,0.830109747535726,0.169890252464274,554625,53484,501141,356064,94896,50181,148380,0.189359880752124,0.710506623884296,19.176,70589.7669677946,70510,271345.6971,25.9853024218087,0.142171131040942,40867.3012960827,32552,138062.23672,23.5777724404232,0.0197368379531156,1244430.44153748,0.42692420773689,15.6273022474064,15.826966030907,14.7761534664528,14.8775581775372,13.5590425185995,13.1120475229345
1970,843414,4703627.83242,1081854.46166378,6033384.26503413,90918,507039.763707932,17.9311380502242,0.0179970654562517,0.0382591487750829,232682,3019558.5504,232687.877490114,1509817.41185331,11802,76578.3988701765,15.411656778053,-0.0476673433584583,0.0125345988304633,1314542.33915389,1076096,7723186.38282,7543201.67688743,102720,16.815852800848,0.822989438560127,0.177010561439873,572890,59260,513630,374485,84896,54249,144156,0.165286295582423,0.729094873741799,20.189,77993.039518468,77531,283373.93568,27.3599616047793,0.146376461519204,46155.2798931773,36504,147389.44178,24.7670386420809,0.0226063531187034,1392535.37867236,0.390729141771576,15.6890314163155,15.8718472573649,14.749290725227,14.8584812895511,13.4786836098694,12.9492145412975
1971,921543,4859509.07508,1194039.9917694,6296448.64755293,93782,494534.145535425,18.9637057110513,0.0175485576449425,0.0383648302260611,248701,3119294.2028,249997.519840251,1567777.80216419,12277,76991.1961105416,15.9459790472317,-0.0077715767242371,0.0126047068011333,1444037.51160966,1170244,7978803.27788,7864226.44971712,106059,17.7012143628226,0.826876020996448,0.173123979003552,618097,64732,553365,396190,97659,59516,162391,0.176482068797268,0.715965050192911,21.212,83282.1233125717,82507,292466.14752,28.2107863421553,0.170598650874478,52909.508136876,41667,158399.13742,26.3050674887949,0.0111681722084293,1527319.63492223,0.383206804221567,15.7335567023797,15.9144905163592,14.774376225656,14.8850038087652,13.548365413168,13.0398402246696
1972,998403,5044776.38082,1304820.91954527,6593058.871139,106816,539724.774358319,19.790827672677,0.0311478064374415,0.0386113767269004,269509,3216166.41995,271606.057903434,1620595.75539967,12183,72692.480574398,16.7596426806913,-0.0164982549493413,0.0126768776235283,1576426.9774487,1267912,8260942.80077,8213654.62653867,118999,18.523535962327,0.827707808995376,0.172292191004624,685949,70188,615761,439924,112172,63665,182360,0.182168081447185,0.7144395309219,22.13,89469.2976461769,88668,303326.28944,29.2318876031809,0.167802474901425,59819.0227085433,46783,168477.74604,27.7680590461442,0.0179381919445609,1665896.27509488,0.390605469716429,15.7789074694087,15.9567994857863,14.8388502121414,14.9467945918462,13.6219740662525,13.1360247184848
1973,1124922,5270238.41652,1477716.03385701,6923071.83106097,124968,585472.730052103,21.3448028551012,-0.00144038214696822,0.0387467752257461,318487,3305681.81115,320707.517910364,1664364.65013541,12419,64450.45231465,19.2690656992908,-0.0589922739838481,0.0127617004487403,1798423.55176737,1443409,8575920.22767,8587436.48119638,137387,20.3129533924128,0.821672977094192,0.178327022905808,768838,78180,690658,495100,125483,70075,203663,0.181686160154519,0.716852624598571,23.342,98902.4780048067,98449,314659.98406,31.2874229286262,0.135138012852447,69547.1151380051,54324,183489.48238,29.606056595384,0.00890143164883322,1897326.02977218,0.384035228698639,15.8573369075497,15.9963324398418,14.9003159183501,15.0075514360941,13.6791378190482,13.1948414432093
1974,1372198,5484216.24366,1805742.48970474,7216948.49715988,140734,562466.705850939,25.0208587523572,-0.0807957229751835,0.0387963676105417,425424,3380043.02195,428022.989138935,1700346.14604869,14448,57395.5178611616,25.1726973436312,-0.111147393205346,0.0128661840697797,2233765.47884368,1797622,8864259.26561,8917294.64320857,155182,24.474865861202,0.808384992429687,0.191615007570313,830040,91384,738656,542933,121293,74430,212677,0.164207696140016,0.735028213403804,25.443,111932.969962018,111927,325046.57328,34.4341424278251,0.11028101975577,86677.1930933764,68067,202454.25484,33.6209283691239,-0.0539463965790452,2345698.44880569,0.330677507104448,15.9879288049049,16.0267227531965,14.8813171275841,14.997958701323,13.6362593917605,13.0746939150458
1975,1518805,5618817.9234,2017964.2211729,7465457.0762581,143302,530145.638221541,27.030685469889,-0.00222946076556173,0.0390243964237999,420686,3448809.5208,424888.322875444,1741630.2101919,15458,63362.8140376984,24.3960124479369,0.0244920020790888,0.0129848560222896,2442852.54404834,1939491,9067627.4442,9207087.28645,158760,25.814189636303,0.826068780160054,0.173931219839946,898280,107724,790556,569021,141341,80194,249065,0.178786828510567,0.71977317229899,27.8,121619.26956401,121477,333349.53062,36.441329248031,0.153278193059386,99156.4820877911,77233,219589.52298,35.1715322989405,0.0336065941105921,2564471.81361235,0.323620024436627,15.988811155154,16.0629228492066,14.8606259396538,14.988371267984,13.7056033508489,13.1390648546493
1976,1666379,5767099.32216,2232320.5809964,7725742.16880324,160253,554612.70675765,28.8945777922874,0.00780950828181474,0.0394252637455447,416190,3522113.4632,421052.555807371,1781632.0376798,14840,62793.6324682092,23.6329694854221,0.0237235203326437,0.0130864777419046,2653373.13680377,2082569,9289212.78536,9507374.20648303,175093,27.057326601221,0.841314231320452,0.158685768679548,1014666,118272,896394,640004,169722,86668,287994,0.189338616724342,0.713976220278137,29.33,133187.821539786,132936,347271.98,38.2800823723238,0.161527853619374,113042.672448641,87181,236790.13056,36.8178351833415,0.0344720494581065,2786560.95834356,0.337831866753497,16.0179015733466,16.0985546336986,14.9326946304448,15.0566293552639,13.7972542285665,13.2684763863606
1977,1850996,5959628.70096,2495299.36981849,8034084.21296299,191207,615626.789590285,31.0589147894706,0.00367910096584308,0.0397741393275265,421372,3595020.92995,426976.087963968,1821416.67317553,14834,63279.6442037894,23.4419775690074,0.0116901403360646,0.0131873519397732,2922275.45778245,2272368,9554649.63091,9855500.88613852,206041,28.7030663199958,0.853889171595077,0.146110828404922,1147401,132560,1014841,723326,196884,94631,329444,0.194004775132262,0.71274810536823,31.152,146600.182654604,145834,363214.9209,40.1508835701579,0.163404917421676,130502.636299769,99426,253566.03178,39.2110880554634,0.0203881642382241,3068875.64043706,0.347277665867305,16.0541648744962,16.1360393656495,14.996534245299,15.1193016800434,13.8714534013626,13.3566617391611
1978,2097947,6206032.52874,2838073.70926873,8395435.04134448,230684,682396.842179453,33.8049629982514,-0.00807435423614423,0.0399604989551834,445474,3684844.6911,451366.418850901,1866792.62116707,16822,69573.5973296805,24.1787123932769,-0.00837523085585297,0.0132850707334038,3289440.12811963,2543421,9890877.21984,10262227.6625116,247506,31.0347204462857,0.862783208913755,0.137216791086244,1303931,150152,1153779,829499,221554,102726,371706,0.19202464250086,0.718940975698119,33.343,164637.199493841,163161,381336.20422,42.7866534030609,0.147116443091896,153275.415193957,116204,277202.5742,41.9202456309657,0.0153910555790552,3454077.32761347,0.350752394043282,16.1045502651465,16.1762915282913,15.0568755306212,15.1792164366683,13.9241808289151,13.4067439617898
1979,2414175,6483342.38838,3273597.31205292,8791347.85826195,272473,731734.754352549,37.2365803837059,-0.0189340643945814,0.040000540267572,515859,3790483.4254,521520.404864166,1916041.44799792,20197,74202.8284306407,27.2186390022567,-0.050039653730355,0.013367313174932,3795117.71691709,2930034,10273825.81378,10707389.3062599,292670,34.4195237926353,0.862581231001231,0.137418768998769,1450326,172444,1277882,942400,226725,108757,399169,0.177422485018179,0.737470282858668,36.11,189525.676017005,186843,405392.68138,46.0893865582295,0.137622991178547,185674.607807506,140365,305412.87742,45.9590968088002,-0.00766092257871089,3984643.39293409,0.33671735511753,16.16782633798,16.2157722177753,15.0793149285871,15.2058992674118,13.9157405157922,13.3500934590145
1980,2766412,6732786.15372,3764490.64150379,9161871.21329913,296668,722019.063918102,41.0886657742947,-0.020859869387779,0.0399820044147831,624704,3892069.2975,628906.594071765,1959126.27883126,22097,68835.0444905567,32.1013811548149,-0.0712920578147272,0.0134392779885426,4393397.23557556,3391116,10624855.45122,11120997.4921304,318765,38.5197989244985,0.8568518710352,0.1431481289648,1574527,198860,1375667,1030690,223441,121536,422301,0.162423755167493,0.749229282958739,39.371,218780.658055281,213843,428659.90404,49.8864013136264,0.134155264925299,223423.298103083,168440,337233.1847,49.9476349428194,0.000950529781851379,4612177.89363084,0.313121469841272,16.2277540248441,16.2496111626403,15.0665899436776,15.2016061489815,13.8856142902083,13.2490433573877
1981,3125661,6986620.93998,4273635.2075847,9552625.58260382,339138,758056.824570207,44.7378071152225,-0.006676735202981,0.040090331627053,717092,3969337.9964,720512.76857564,1994136.53282887,22222,61503.0072542999,36.1315665559531,-0.0498952684111753,0.0135227389591724,4994147.97616034,3842753,10955958.93638,11546762.1154327,361360,42.3307994177863,0.855728590339129,0.144271409660871,1789067,229084,1559983,1139850,273482,146651,502566,0.175310884798104,0.730681039472866,43.097,253270.530070038,244921,457609.7591,53.5218043604875,0.145728578796068,263197.746959299,197288,371340.37238,53.1286158667691,0.0243236317892762,5247418.50623038,0.312362190196728,16.2654941770413,16.2834326264337,15.1019022785999,15.238921609749,13.9691990504436,13.3607078820194
1982,3320755,7179488.08962,4584730.92683407,9912210.04961753,343827,743355.607802977,46.2533673508157,0.0460253183211791,0.0401744146120566,748439,4031540.6206,751865.015127527,2024997.5947904,21543,58021.7489932953,37.1291806499825,-0.00665226981180192,0.0136202745321766,5336595.9419616,4069194,11211028.71022,11937207.6444079,365370,43.8053673292099,0.859111496672322,0.140888503327678,1854861,253880,1600981,1183260,264806,152915,518686,0.165402337691703,0.739084348908575,45.759,287263.478008641,274065,487222.58794,56.250470890268,0.168021428081417,301387.883671118,223522,405235.20688,55.1585835102897,0.0518146884058794,5623859.41997024,0.300000415510476,16.2718802359198,16.3155123779682,15.0679088166279,15.2151020109037,13.9408356617241,13.2685344537007
1983,3415779,7344489.14496,4765970.48545067,10247623.893581,342125,735625.269878244,46.5080543055061,0.0740036009602913,0.0403755997816268,724633,4101628.70495,728233.289178232,2061003.68241136,22541,63794.2328311559,35.3339149945721,0.0325356005926945,0.013722557143612,5494203.77462891,4140412,11446117.84991,12308627.5759924,364666,43.6565830764265,0.867454262883175,0.132545737116825,1985899,264616,1721283,1250110,303155,168018,567771,0.176121532600973,0.726266395473609,47.552,322717.053815709,304060,519676.73298,58.5094503377934,0.179078032403981,336118.378181251,246277,441449.5915,55.7882496081096,0.0804605123713892,5816920.82844462,0.313290709738239,16.2625505722371,16.3480203353798,15.1019268378473,15.2449286031949,13.9928197842875,13.3653458417417
1984,3613437,7601701.63962,5074147.40055949,10674644.2831317,401008,843613.205682218,47.5345806939699,0.0582469133742665,0.0406526254727643,722206,4191364.3604,726568.313987068,2108340.65117246,26122,75800.2701600158,34.4616185995854,0.0201975589871078,0.0138104078327609,5800715.71454656,4335643,11793066.00002,12782984.9343042,427130,44.3701790791176,0.874745057378861,0.125254942621139,2226000,278952,1947048,1388207,373838,185003,652790,0.192002457052933,0.712980368229237,49.267,363888.229443688,338455,561633.5022,60.2626087429298,0.19266166709902,382390.99761936,278148,489425.07532,56.8315793419736,0.0753339882000275,6164603.94399025,0.335656511336584,16.2814075672285,16.3860944515283,15.1897406376284,15.3236325110828,14.0969264641524,13.5394935277428
1985,3801706,7867696.17612,5376166.49114989,11126069.3342948,428068,885894.113516231,48.3204474969296,0.0652838262316224,0.0407010342292835,756640,4293566.9724,761509.986963553,2160600.8994895,28728,81508.7703419772,35.2452869543598,-0.00386256054794783,0.0138727686195642,6137676.47811344,4558346,12161263.14852,13286670.2337843,456796,45.2369167706547,0.875928620597868,0.124071379402132,2369165,298976,2070189,1490088,383522,196579,682498,0.185259413512486,0.719783555994163,50.826,406710.492248794,372617,606115.88582,61.4761976574653,0.205105601148161,435550.330061402,314521,544228.53062,57.7920822419378,0.0792331052689738,6544386.97036224,0.337291971543655,16.3067189560536,16.4232134945321,15.219912616732,15.3548102816673,14.1102770269447,13.5339144158171
1986,3959550,8069007.59676,5654438.71507848,11522953.10007,417120,850032.061411153,49.0710902489409,0.0671566509765803,0.0407285162459996,816975,4399734.3409,822011.518208845,2213428.9943259,30792,82913.5651794687,37.1374695242568,-0.0185278081254102,0.0139245847533331,6476450.23328733,4776525,12468741.93766,13736382.0943959,447912,46.2331851460863,0.873076841695793,0.126923158304207,2464907,317872,2147035,1578176,364294,204565,682166,0.16967306075588,0.735049032735843,51.849,449749.160668161,406407,650566.69926,62.469689958351,0.209518987172832,498795.908152265,357082,600845.15538,59.4299540909448,0.0682672437477292,6926199.39395549,0.331514166350693,16.3405176526259,16.4551554672684,15.2364329164462,15.3744991744541,14.0898628468694,13.4625510508203
1987,4154780,8233333.11042,5994387.48617981,11878797.1846046,417524,827387.77350305,50.462916346015,0.0545927876090245,0.0409221216881948,871566,4509117.56745,876874.98095974,2268292.00605746,33167,85796.0856433214,38.6579408038318,-0.0125960793747009,0.01397518239395,6871262.46713955,5026346,12742450.67787,14147089.1906621,450691,47.6062327354573,0.872385171552794,0.127614828447206,2641902,334692,2307210,1685458,404912,216840,739604,0.175498545862752,0.730517811555949,53.134,500464.622873998,448725,691513.22272,64.8902993112675,0.184287902009112,562153.814957273,397253,653247.38626,60.8120305347672,0.0742337956436448,7371727.09001355,0.335776723860247,16.3752115738745,16.4850649060492,15.2839027216487,15.4193628315925,14.1462233481367,13.5437781998558
1988,4404530,8399009.70744,6416505.2884377,12235650.6154864,443910,846493.13303115,52.4410633327211,0.0449689334552057,0.0412196365120164,892950,4632157.1775,898348.66438949,2330081.31118725,36085,93595.0454953175,38.5543912170066,0.00845632116395362,0.0140218897216861,7314853.95282719,5297480,13031166.88494,14565731.9266737,479995,49.0625836839262,0.877188434631387,0.122811565368613,2873908,358200,2515708,1825308,456561,233839,814761,0.181484099108482,0.725564334175508,55.008,551321.381212391,491455,734259.24644,66.9320818747305,0.194328892310864,635436.120814727,442844,707511.79118,62.5917483666834,0.0705905727809631,7866175.33403958,0.343917734547206,16.4031091835875,16.5174911115872,15.3357563896213,15.4688748907621,14.2083416544703,13.6291691522885
1989,4650305,8581405.96104,6836321.74686528,12615355.8078743,480992,887595.032156504,54.190479055677,0.0516794202608426,0.0415090178470564,936221,4757047.00725,940965.764362247,2390577.85142831,36704,93248.63112134,39.3614357214948,-0.00360174363893113,0.0140562008385845,7777287.51122752,5586526,13338452.96829,15005933.6593026,517696,50.5476253933864,0.879011060989601,0.120988939010399,3020213,380160,2640053,1934822,457075,248156,837235,0.173130993961106,0.732872408243319,57.165,608299.308160652,540545,785939.6311,68.7769109242467,0.200053137387311,715296.860834966,491926,767150.36504,64.1238044609873,0.0773689185074263,8385586.81938817,0.33945678312506,16.4259465494141,16.5489724034478,15.3455379136727,15.4800662796594,14.1970884376944,13.5918311331909
1990,4905710,8793863.8194,7263868.13820859,13021044.2952162,520085,932292.504961086,55.7856034702015,0.0552892301479941,0.041743096717933,992403,4897046.96455,996422.266077273,2458440.08608587,41161,101555.189831068,40.5306711242127,-0.00779072021734056,0.0140940631376576,8260290.40428586,5898113,13690910.78395,15479484.381302,561246,51.993031982987,0.87937200542486,0.12062799457514,3160697,402624,2758073,2037523,457022,263528,859646,0.165703373333483,0.738748756831309,59.305,668832.574461977,592259,839766.788,70.526604345777,0.203342422479253,792596.249752197,535352,815272.8626,65.6653771465789,0.0775778279756221,8929122.97874784,0.333895403794638,16.4494468692898,16.5810307794957,15.3525193719474,15.4887796973683,14.1867525220875,13.5549633752683
1991,5028760,8954980.51008,7520461.27245121,13392085.5482489,514912,916931.1966382,56.1560127834949,0.0793518672262214,0.0419236684269688,1021027,5038060.1374,1024640.14216769,2527944.24409684,42242,104217.487061582,40.5325451524651,0.00686080673362786,0.0141200630623764,8545101.4146189,6049787,13993040.64748,15920029.7923457,557154,52.1785954349309,0.880090347387247,0.119909652612753,3231237,423556,2807681,2071121,450831,285729,874387,0.160570591887041,0.737662505106527,61.31,731306.711721994,643633,893499.23436,72.0350925046986,0.211190847691434,845403.900014318,556822,846129.41314,65.8081365985877,0.100999806555262,9276408.12634089,0.328571992743894,16.4500959669744,16.6113665670928,15.3370966578993,15.4776028182334,14.1705055726098,13.508075049634
1992,5205412,9116941.62786,7856138.52084372,13759517.2706626,532336,932351.990276366,57.0960329952431,0.0695654741754427,0.0421831436057739,1047212,5184491.8108,1049641.87005941,2598260.75312153,42852,106074.912757112,40.3978649486345,0.00818909058620155,0.014145250163615,8905780.39090313,6252624,14301433.43866,16357778.0237842,575188,52.7651454768537,0.882139259673237,0.117860740326763,3376497,436252,2940245,2188674,449070,302501,885322,0.152732170278327,0.744384906699952,62.707,787013.516194475,691729,946505.56658,73.082401670327,0.213741175997325,903495.400990944,581538,874192.70262,66.5228614076852,0.0909304915046857,9692793.9070976,0.330150180101379,16.4689082078417,16.6415304428019,15.3607005710137,15.4990464413402,14.1604038014612,13.481631158415
1993,5454732,9325177.35072,8285282.24616563,14164165.4156916,578320,988671.224446662,58.4946730217291,0.0616922210573824,0.042445026807949,1081732,5346341.9817,1081936.9021169,2673677.34399003,45418,112236.746312788,40.466247901936,0.00519454691508341,0.0141710778643188,9367219.14828253,6536464,14671519.33242,16837842.7596816,623738,53.7690271914991,0.8844975349685,0.1155024650315,3534936,455844,3079092,2271015,488755,319322,944599,0.158733483767292,0.737559968977867,64.194,838976.15960404,736643,995565.6263,73.9924099968898,0.217033876800388,972829.893528207,614278,906666.4043,67.7512696055236,0.0837784160423379,10206195.3078866,0.328709294749931,16.4959872653024,16.6731994150599,15.3834057438949,15.5214661900849,14.201776215398,13.542877058012
1994,5759417,9563981.3346,8796564.3963655,14607412.1209571,630521,1047031.50945197,60.2198686771159,0.058023264765303,0.0426276301120812,1154738,5513126.0718,1152649.03060604,2751576.29794341,48526,115840.110813088,41.8904986013855,-0.010930477854841,0.0141906266083299,9949213.42697154,6914155,15077107.4064,17358988.4189005,679047,55.3459030895189,0.884146717821803,0.115853282178197,3816575,482344,3334231,2398673,584811,350747,1067155,0.175396065839469,0.719408163381601,65.564,897706.136092765,791165,1041342.3873,75.9754917929864,0.199875491937287,1055244.67687188,656067,943909.8851,69.50525790187,0.0766224522659661,10846919.5630643,0.335125085462652,16.5351474746053,16.7045716012734,15.4418960471965,15.5770074027017,14.3026502079987,13.7011874182513
1995,6106995,9881148.15336,9358809.20926506,15142599.6477446,716637,1159522.21496488,61.8045079905352,0.0624362667367173,0.0427409511696926,1241162,5667927.7867,1236859.87023458,2824140.7756428,48903,111660.956649088,43.7959708277311,-0.0155396889999608,0.0142087569873729,10595669.0794996,7348157,15549075.94006,17966740.4233874,765540,57.0345787112722,0.883267412283794,0.116732587716206,4041486,520836,3520650,2524557,637426,358667,1158262,0.181053498643716,0.717071279451238,66.939,962962.380420915,850989,1092675.49998,77.8812190824793,0.205946868621943,1125088.62549159,687683,976301.91248,70.4375348659462,0.0900270476743458,11558631.4599206,0.332272551509909,16.5773443272537,16.7374683562164,15.4755446186854,15.6135114331573,14.3638195927504,13.7665818999133
1996,6431219,10244082.92094,9881588.93450288,15740066.7642776,781007,1244041.05502154,62.7798412960315,0.0736346637622415,0.0426990050275049,1312031,5821892.49745,1306136.79506093,2897869.031985,51354,113936.891473619,45.0723197164727,-0.00763896177660298,0.0142374755104996,11187725.7295638,7743250,16065975.41839,18637935.7962626,832361,58.1675241475439,0.883252697944727,0.116747302055273,4296356,554164,3742192,2667703,702808,371681,1256972,0.187806504850633,0.712871760722058,68.164,1030431.31226275,912118,1159572.7114,78.6598365960822,0.223588974752835,1193368.46869575,721689,1020259.02074,70.735860730401,0.0984469113727435,12218157.0418266,0.334490859935114,16.6135814380489,16.7721708096367,15.518435713703,15.6565313992644,14.4274698318087,13.8460926380125
1997,6811804,10654136.7207,10490870.2173667,16408452.9758848,855906,1338696.70120683,63.9357667220967,0.0725721583124653,0.0425862545336139,1391593,5970174.39055,1385605.18738472,2972242.81996873,53944,115714.53985606,46.618169218062,-0.00943899651002295,0.014265914510297,11876475.4047514,8203397,16624311.11125,19380695.7958536,909850,59.5544841925978,0.883331953280484,0.116668046719516,4609353,594612,4014741,2862551,763291,388899,1357903,0.190122102521682,0.713010129420553,69.34,1126134.13290056,993809,1244212.36398,79.8745478481658,0.222708086142468,1270983.85213261,762177,1067025.72492,71.4300491731016,0.0919176973064467,13002609.5376519,0.338041452802894,16.6562183905091,16.8083487364966,15.5716316409188,15.7097463037829,14.4876004017094,13.9115428725404
1998,7180238,11084625.65628,11089647.5796937,17119849.2419021,911542,1407209.87799802,64.7765492732904,0.0786955410318681,0.0424058022412849,1449724,6117487.12095,1445722.55173999,3050300.98513108,57134,120545.879480631,47.3960621849211,-0.000352343188812332,0.0142948328557901,12535370.1314337,8629962,17202112.77723,20170150.2270331,968676,60.5468409430103,0.884668538975591,0.115331461024409,4875176,634096,4241080,3093832,744345,402904,1378440,0.175508361077839,0.729491544606563,70.119,1236219.1792791,1082651,1338638.77236,80.8770089701871,0.227852687468654,1370982.3417016,821761,1136187.52216,72.3261771470395,0.0899371517492448,13771589.3107128,0.338329060532889,16.6990412042785,16.8458177070255,15.6153048990576,15.7546431516297,14.4914393702306,13.8752363033157
1999,7599121,11553789.35304,11771886.2711747,17898108.7766724,987288,1501083.82045557,65.7716768741377,0.0779646877923229,0.0422214165248639,1546342,6280570.77165,1543058.90525537,3133618.13210827,62536,126997.059439601,49.2420850340566,-0.0113139843749844,0.0143198696375645,13314945.17643,9145463,17834360.12469,21031726.9087807,1049824,61.8888710850226,0.884110757888296,0.115889242111705,5168284,679076,4489208,3309975,754597,424636,1433673,0.168091342615446,0.737318253019241,71.111,1393861.87094358,1206775,1449923.65686,83.2302441780576,0.216310638960486,1486556.75974104,888872,1209139.00692,73.5128049722086,0.0895930544446979,14708807.0473736,0.337155575221349,16.7453258092643,16.8842274708642,15.6581150016492,15.7989794259669,14.5166783901371,13.87486726036
2000,8137294,12074800.87374,12642295.19277,18759700.3426125,1087247,1613348.49466803,67.3907096695632,0.0705190420664127,0.0420020315055714,1665389,6472509.0391,1659117.76247742,3224067.98488715,69669,135383.754859993,51.4603839079867,-0.0152778189726366,0.0143393037015913,14301412.9552475,9802683,18547309.91284,21983768.3274997,1156916,63.7864489962719,0.88398924164562,0.11601075835438,5510787,737452,4773335,3597328,726139,449868,1463591,0.152124039062836,0.753629904458832,72.722,1569921.68077769,1335108,1567806.70898,85.1576914649516,0.229206340659361,1604364.39888522,949990,1269332.96602,74.8416708169724,0.0917530611020463,15871334.6360251,0.333766671512592,16.794395132155,16.9254983147828,15.6970820137374,15.8407442358924,14.514929796634,13.8140229692827
2001,8540556,12448375.42278,13381928.9784894,19504968.5061739,1048496,1528246.15133759,68.6077958764896,0.0778867889226192,0.0417372331901073,1741591,6667354.79465,1735960.15155362,3322899.07325612,75804,145100.704715874,52.2423375878387,-0.000117703073983993,0.0143513153456439,15117889.130043,10282147,19115730.21743,22827867.57943,1124300,64.9168310903396,0.885171789750473,0.114828210249527,5470157,781460,4688697,3582304,664885,441507,1446346,0.141805921773149,0.764029750696195,74.36,1679158.6585008,1395240,1658697.2572,84.1166158528088,0.269117214121162,1697638.55454973,987710,1310300.7949,75.3804014959314,0.105758788143498,16797047.7885438,0.310142306221997,16.827641334303,16.9634525682345,15.6569172997968,15.8110698991321,14.4808029569872,13.7036213954875
2002,8810698,12636682.66608,13967297.9558397,20032500.4864013,935180,1341275.44669726,69.7231879031837,0.0766225406350274,0.0417198041725805,1827495,6879997.9016,1818823.70231306,3423676.46841555,78879,148478.4785951,53.1248708542484,-0.00198332951601346,0.0143552609886886,15786121.6581528,10638193,19516680.56768,23456176.9548168,1014059,65.7849133259953,0.88478337227474,0.11521662772526,5543551,805024,4738528,3540451,731045,467032,1536068,0.15427681339015,0.747162620965836,75.515,1765863.67471775,1444022,1724836.7843,83.7193416295349,0.257400994511219,1782908.00121431,1019814,1343770.92304,75.8919531978624,0.103413786681909,17551985.3328706,0.300170498024305,16.8554806099024,16.9934213906382,15.6520759708877,15.8089847020859,14.525575336513,13.7830691703145
2003,9081233,12829549.81572,14536988.3054907,20537190.8898089,953330,1346820.9356395,70.7837229711116,0.0763350248611117,0.0420382134922944,1882379,7094755.54535,1870143.14725316,3524319.0836098,79494,149807.901948028,53.0639565512229,0.00674098994345432,0.0143603775670229,16407131.4527439,10963612,19924305.36107,24061509.9734187,1032824,66.4102116216723,0.886016446406882,0.113983553593118,5733743,818191,4915552,3594306,830127,491120,1648317,0.168877676403383,0.731211062358816,77.006,1867464.5690592,1521620,1790092.34636,85.0023186286498,0.232621291873148,1863089.55245558,1045830,1368697.9194,76.4105786365529,0.104409583726748,18274596.0218031,0.299598501673364,16.8745134880486,17.0225459948035,15.6692014596068,15.8231659491435,14.576552170415,13.8906208252081
2004,9838424,13043865.4137,15851424.2920684,21015951.8517595,1017506,1349018.02581717,75.4256785696875,0.0269010078089167,0.0423746883658957,2176016,7287618.92265,2156389.3961664,3610944.07580277,81973,137266.450693926,59.7181609822357,-0.0499577807627914,0.0143691468620061,18007813.6882348,12014440,20331484.33635,24626895.9275623,1099479,71.3179485715073,0.880252570717385,0.119747429282615,6133641,851954,5281688,3761333,988613,531742,1840566,0.187177470535935,0.71214600332318,79.077,1947180.14165725,1590638,1857652.53156,85.6262391903954,0.240607845656403,2041497.88123836,1129053,1398999.0847,80.704341578759,0.0571845713735235,19954993.8298921,0.293299791492774,16.9410644401322,17.0443384725864,15.7145044262323,15.8640472203688,14.6603318156513,14.0388063543498
2005,10724500,13309859.9502,17353787.8806656,21537273.1872942,1143620,1419312.97834377,80.5756036511778,0.024504258182392,0.0427290493023248,2431593,7411495.53685,2421884.0566736,3690951.33865013,86612,131996.689297438,65.6167972552936,-0.0353342655899249,0.0143977379208015,19775671.9373392,13156093,20721355.48705,25228224.5259443,1230232,76.6254731463291,0.877532148371618,0.122467851628382,6575529,913610,5661919,3928746,1157510,575663,2071120,0.204437753348291,0.69388947457567,81.556,2060211.45959157,1695424,1938787.89416,87.4476266902089,0.226749221708107,2222404.85908205,1211856,1424791.82864,85.054951582418,0.0577207844059992,21835883.3969307,0.286307287961707,17.0038433353063,17.0662036670939,15.753153723786,15.9027458741988,14.7474803668551,14.1656619893474
2006,11601575,13657426.14456,18780230.0836975,22108171.1186578,1271805,1497174.5524019,84.947008881473,0.0349123077804021,0.0430080731661413,2782275,7556649.6776,2771971.04075964,3764332.07922884,93270,126660.505419082,73.6377923737138,-0.0471652539815349,0.0144352390351091,21552201.1244571,14383850,21214075.82216,25872503.1978866,1365075,81.8305413814116,0.871383390274043,0.128616609725957,7021572,984445,6037127,4127501,1297836,611790,2282281,0.214975765790582,0.683686296478441,84.071,2168335.88676046,1797218,2028036.79302,88.6186091980963,0.235452927106298,2398764.37807366,1295023,1454194.57664,89.0543136938541,0.0609084567102051,23720537.0112176,0.280116493212805,17.0594970157062,17.0865081551865,15.7869473005583,15.9380061886191,14.814194445484,14.2497173260976
2007,12248970,14033871.74574,19834053.5650223,22724242.4407652,1371569,1571432.00093011,87.2814731523978,0.0607507997992682,0.0432130126773077,3121039,7685988.8452,3112010.64716742,3831877.64079084,99126,122055.720910456,81.2137270261361,-0.0390478346781307,0.0144806988865921,22946064.2121897,15370009,21719860.59094,26556120.0815561,1470695,85.4046434941792,0.86437714902261,0.13562285097739,7257367,1047219,6210148,4307101,1271768,631279,2318987,0.204788678144225,0.693558511004891,86.349,2305021.6004768,1924349,2128019.55308,90.4291033047503,0.227759920154112,2529339.51942472,1356196,1492271.1353,90.8813397189617,0.0868808545139125,25251085.8126665,0.27064109742624,17.0954299479802,17.1064266989454,15.7884682483922,15.9443006110816,14.8034139725957,14.2026915785484
2008,13060201,14369615.9607,21172985.4940464,23295787.7364153,1415006,1556874.41579852,90.8876133900783,0.047336149064332,0.0433602626233609,3321905,7807574.7112,3315771.84272976,3896579.88223714,102444,120388.629974995,85.0944146646388,-0.0150484365285521,0.0145324025840266,24488757.3367761,16382106,22177190.6719,27192367.6186524,1517450,89.1512828828055,0.864600240954232,0.135399759045768,7327703,1108750,6218953,4364267,1217245,637442,2325994,0.195731500141583,0.701768770402349,88.013,2424498.68930521,2028089,2223740.33884,91.2017003324201,0.24247136277765,2684984.17963719,1420822,1505028.66096,94.404979576516,0.0679659834938076,26913256.0260813,0.253951350592243,17.1414103411299,17.1285601376042,15.7707977777201,15.9348583101865,14.7873436876695,14.1397863215646
2009,12692474,14446458.8268,20758228.1657367,23626827.08774,1182561,1345980.20816741,87.8587213113698,0.122795469989572,0.0435675697394906,3361690,7941275.11095,3357918.70241254,3966183.11266985,107049,126440.207061342,84.6637335448727,0.0101758131782728,0.0145863753205024,24116146.8681493,16054164,22387733.93775,27593010.2004099,1289610,86.5449943526344,0.860760563419548,0.139239436580452,6904035,1114626,5789409,4094885,1086020,608503,2200647,0.187587368589782,0.707306220721321,88.556,2488975.35657909,2084458,2292689.61196,90.9175838336885,0.251287610374708,2628743.23994371,1358948,1485916.87476,91.4551831992279,0.140311865007115,26605122.2247284,0.24006359853639,17.1199272343699,17.142897910007,15.6930758375267,15.8691516469836,14.7257970317275,14.0195652612388
2010,13078839,14588491.46502,21497725.7713745,23979145.926717,1249146,1393331.30100951,89.6517575608156,0.0666162774437022,0.0440606120393,3493481,8068984.3231,3491165.69223524,4031818.29813741,107091,123675.440076116,86.5903528898628,-0.00359200722939372,0.0146337808819638,24988891.4636097,16572320,22657475.78812,28010964.2248544,1356237,88.2746860777405,0.860291293940778,0.139708706059222,7287190,1123495,6163695,4166597,1358883,638215,2482378,0.22046564601266,0.675990132542249,89.632,2577855.37133246,2172268,2360944.34112,92.008437563145,0.232457200364482,2659719.67937299,1349701,1475593.24324,91.4683640754836,0.10816147183944,27566746.8349422,0.246657400108201,17.1433997295383,17.1586587429932,15.7436447802517,15.911086357053,14.8341853165962,14.2316313836223
2011,13738372,14825099.93844,22622368.5489913,24411835.3021026,1389556,1499472.17691142,92.6696754628802,0.0539993479184681,0.0444879398451462,3734604,8177530.5455,3735115.52278912,4089325.30444717,106604,116713.507814012,91.3381852680479,-0.0182520806783564,0.014684813929141,26357484.0717805,17472976,23002630.48394,28501160.6065498,1496160,91.6756025682167,0.858290134497772,0.141709865502228,7661063,1173463,6487600,4372725,1444027,670848,2617490,0.222582619150379,0.67401273198101,91.481,2695664.86546735,2288911,2447699.19576,93.5127569582464,0.229011518838275,2768361.56608308,1386236,1476655.00914,93.8767681970171,0.0834354066463363,29053148.9372478,0.246138818952979,17.1763017036607,17.1741767172969,15.7744421061378,15.9407001904768,14.8667652868223,14.2719851818632
2012,14229170,15132471.40284,23456478.5729929,24945551.372086,1529893,1627014.23005735,94.030708013296,0.074539747827321,0.0447855782469508,3902446,8261847.7004,3913449.47322672,4142571.54756399,107258,113537.671072131,94.4690858876777,-0.00784234702150734,0.0147436125684944,27369928.0462197,18131616,23394319.10324,29088122.91965,1637151,93.5385210753699,0.857016450075496,0.142983549924504,8110944,1234809,6876136,4608338,1572715,695082,2807524,0.228720752469119,0.670192968841803,93.185,2805932.89322592,2392601,2537863.62984,94.2761845777679,0.239210270041241,2847630.7597308,1412383,1491127.6951,94.7191179294193,0.104611179791514,30175860.9394456,0.251229597256823,17.1955388735401,17.1917522965118,15.814150845686,15.9793082402799,14.9183969355444,14.3388974046264
2013,14783467,15438829.55472,24385700.2325838,25466737.2317574,1572655,1642372.01553453,95.7551020794861,0.0702795050081128,0.0449453347067613,4004879,8354182.474,4019707.68334852,4192557.56276698,106729,111318.412025375,95.8772210797176,0.000542340016404627,0.0148053922830727,28405407.9159323,18788346,23793012.02872,29659294.7945244,1679384,95.3023305210912,0.858487943730817,0.141512056269183,8417763,1282795,7134968,4773788,1634506,726674,2917301,0.22908385854008,0.669069293653454,94.771,2960993.85805057,2536150,2637246.55648,96.1665868429482,0.22577367484515,2948791.25537827,1449588,1506547.80294,96.219183830155,0.0992904065713309,31366401.7739829,0.251183437362224,17.2157968352783,17.21020602563,15.8342250546488,15.9995614046598,14.9398761624326,14.3605579066863
2014,15515241,15843141.2502,25558952.5179627,26099117.3098271,1744503,1781371.45535784,97.9303331011086,0.0669825446212038,0.0451173374442089,4048074,8461891.69225,4063628.94085662,4247203.48183127,111928,116984.350252757,95.6777549801899,0.00859904787217693,0.0148688313172076,29622581.4588194,19563315,24305032.94245,30346320.7916583,1856431,97.1428027471057,0.862819891422839,0.137180108577161,8851699,1352680,7499019,5032917,1711433,754668,3064114,0.228220917962736,0.671143385554831,96.421,3107979.68831592,2664346,2747426.48468,96.9760615927936,0.239765206921683,3051057.27991617,1489951,1528812.21712,97.4580778015231,0.104089723591174,32730561.1471353,0.253152110001789,17.2404936813382,17.2330356123958,15.8667289357236,16.0325661417321,14.9717151811889,14.3892877550111
2015,15792586,16202867.1948,26050072.595507,26726836.6738607,1760602,1806341.30400805,97.467848190895,0.0960536194066723,0.0451594560069898,4073987,8581142.7572,4091342.93138997,4308849.99914316,118726,125037.801420491,94.9520854103429,0.0115514589961624,0.0149254172492055,30141415.526897,19866573,24784009.952,31035686.6730039,1879328,96.7421596736303,0.864261752148335,0.135738247851665,9222330,1408263,7814067,5303853,1738998,771216,3147261,0.222547106391588,0.678757041627619,97.316,3237376.04522583,2761618,2859090.21134,96.5907962276462,0.25680533019785,3149260.74001618,1532246,1561612.616,98.1194685737606,0.112509984531492,33378791.5721228,0.25924684900837,17.2486174855576,17.2545316094464,15.8986428993523,16.0643450455416,14.9892498791754,14.3960264136877
2016,16251521,16545197.94114,26840608.8418411,27325638.3909526,1775302,1807383.01327622,98.2250019480893,0.0827109612183827,0.0452197658455519,4213927,8698455.49675,4234208.38638544,4370160.32941949,121913,125827.382032874,96.8890856905447,-0.00216822063890473,0.0149731486984621,31074817.2282265,20465448,25243653.43789,31695798.7203721,1897215,97.8438295798854,0.863741487028302,0.136258512971698,9346389,1441019,7905370,5448417,1671794,785159,3112813,0.211475743703331,0.689204553360564,98.241,3449149.48635962,2935578,3004976.01312,97.6905634914554,0.239482746352488,3257806.46467221,1580842,1601600.35328,98.7038993068722,0.116492278710918,34523966.7145861,0.254397956452636,17.2696548561978,17.2737058678352,15.9007993758374,16.0682471659486,14.968783919436,14.3471544017827
2017,16888542,16888542,27955817.7366538,27955817.7366538,1868618,1868618,100,0.0744383357867002,0.0453214902642088,4405285,8810570,4431626.6103858,4431626.6103858,127107,127107,100,-0.00738648372966972,0.0150202084330408,32387444.3470396,21293827,25699112,32387444.3470396,1995725,100,0.863168375902099,0.136831624097901,9771449,1509413,8262036,5727599,1708532,825905,3217945,0.20679309555175,0.6932430456609,100,3724838.2900233,3157018,3157018,100,0.227818124674216,3389417.99190212,1633486,1633486,100,0.11278344165576,36112282.6370629,0.255099967489568,17.2932813855041,17.2932813855041,15.9271816042278,16.0949753241786,14.9842535150273,14.3511450802421
2018,17670681,17325786.35238,29246698.7584052,28675864.5125531,2028676,1989080.49747493,101.990643544861,0.0723690186546857,0.0453942622437306,4624515,8932243.9717,4654921.96359356,4495487.48874665,135261,130628.212023976,103.546544735048,-0.00920405835963339,0.0150661008999839,33901620.7219988,22295196,26258030.32408,33171352.0012998,2163937,102.473966007344,0.862693232227303,0.137306767772697,10337804,1582147,8755657,6047036,1835141,873481,3417287,0.209594893906876,0.690643317800138,102.291,4001656.43579458,3366870,3333242.74476,101.008845074151,0.245342592467188,3582410.6202341,1716707,1669488.03144,102.828350228978,0.0993328098038862,37903277.1577934,0.258266620106408,17.3163218735567,17.3145347899592,15.9625590571594,16.1286665188189,15.0217060128163,14.3999803691961
2019,18471301,17718951.61014,30606198.8310896,29359586.3149217,2069383,1985095.54036537,104.246015263281,0.0702470493801837,0.0453821971932912,4760410,9079336.43785,4787234.75404381,4565249.10028042,144377,137682.190912912,104.862509118062,0.000905560449238453,0.0151086127031096,35393433.5851334,23231711,26798288.04799,33924835.4152021,2213760,104.625739660032,0.864742290613629,0.135257709386371,10799812,1664696,9135116,6344263,1861862,928990,3526559,0.203813722781407,0.694491783136635,103.979,4310923.60771999,3594909,3530682.65048,101.819091543423,0.24952226607422,3764415.06872215,1800082,1720844.83128,104.604550467288,0.112782558695531,39704357.1928534,0.258102000135898,17.3430180992657,17.3368174565264,15.9886176764392,16.1560205148484,15.0368143962726,14.3980688505294
2020,18843167,17969239.80258,31377615.1802049,29922352.8404846,1988702,1896467.99467788,104.863462266748,0.0870169297219578,0.0454264394194514,4931866,9244005.99115,4945436.92025581,4634721.27179642,147903,138610.438534731,106.704084889639,-0.00243114620394854,0.0151444675854554,36323052.1004607,23775033,27213245.79373,34557074.1122811,2136605,105.439947224073,0.86384853049854,0.13615146950146,10498662,1728115,8770547,6350094,1912578,507876,3640692,0.218068268718017,0.724024852725833,105.377,4751314.05095022,3944540,3716031.17726,106.149270870986,0.209876803002878,3897253.22828931,1839922,1741100.05768,105.675833613588,0.121729951005738,41074366.1514109,0.24145952756786,17.355588931782,17.3549917575342,15.9345355241374,16.1143841684489,15.0553101214467,14.4115884181772
2021,20906670,18286406.62134,34835860.611727,30469831.5011602,2185960,1911990.4517546,114.329022825087,0.00596070213002264,0.0456017545930696,5540500,9345944.28605,5553398.29447053,4683850.83100502,141668,119485.717454754,118.564798385753,-0.0426058540308942,0.0151802350390065,40389258.9061975,26447170,27632350.90739,35153682.3321652,2327628,115.511644593739,0.862503090057481,0.137496909942519,12072724,1815454,10257270,6998733,2555943,702594,4371397,0.249183554688528,0.682319272087017,110.186,5127108.4306246,4241707,3947314.31594,107.458050220911,0.241883735367833,4412890.94672325,2066406,1761698.31614,117.296246529181,0.0250626147203683,45516367.3368221,0.25396034187758,17.4170747780056,17.3698732810383,16.0464976195115,16.2094595902059,15.193593534701,14.6569321328435
2022,23313722,18676700.82696,38785081.9117615,31070859.102425,2491698,1996107.61838605,124.827838792312,0.00370822959828489,0.0457856164077616,5853641,9423124.87925,5879180.09298899,4732118.71071662,148626,119628.224407972,124.239911388416,-0.0141684121298239,0.0152354007997023,44664262.0047505,29167363,28099825.70621,35802977.8131416,2640324,125.273132215527,0.868369478659164,0.131630521340836,13445428,2010486,11434942,7593396,2736706,1104840,4747192,0.239328367384811,0.664051990819018,118.023,5639429.95794668,4649271,4232929.7344,109.835770771636,0.234370017388225,4994187.33940169,2310716,1761665.64642,131.166547108174,0.0146925759796964,50303691.9626971,0.256019947195899,17.448974897345,17.3893580068117,16.0864749785409,16.2484403458354,15.2073545085751,14.6565562306351
2023,24166378,19145864.52372,40160450.1604054,31817202.3123503,2742568,2172805.34861657,126.222443337881,0.0801686993623857,0.0459099677285701,6075442,9535944.2281,6108405.14065063,4793841.39819652,170842,134075.823933227,127.421928121123,-0.00424406256869189,0.0152897974198049,46268855.3010561,30241820,28681808.75182,36611043.7105468,2913410,127.252342071754,0.867980197458847,0.132019802541154,14163359,2154291,12009068,8015626,2877736,1115707,5032026,0.239630252739014,0.667464452695247,122.39,6141851.61407937,5029315,4512294.25722,111.458045803479,0.24257680578998,5103527.17968314,2341371,1778049.511,131.68199116588,0.122330132028392,52410706.9151354,0.25954971053122,17.4479371396217,17.4089777464757,16.0991301076405,16.2641263542062,15.2292907628745,14.6704719504475
2024,24954909,19595268.62634,41511217.4639092,32595729.2495724,2851190,2238831.404063,127.351706556631,0.0845955825674422,0.0458966961489904,6277027,9664710.70865,6318903.07665223,4864593.55932691,187362,144240.22134954,129.895807318516,-0.00114823921302054,0.0153296811710939,47830120.5405615,31231936,29259979.33499,37460322.8088993,3038552,128.821777322528,0.867888623209854,0.132111376790146,14849197,2274356,12574841,8451105,2957761,1165975,5232117,0.235212596326268,0.672064561293459,125.428,6673310.85604025,5423814,4761067.27562,113.920129374641,0.235269688126805,5297831.27548674,2415243,1804724.33738,133.82891503011,0.113928953585021,54503431.3966017,0.262906320491836,17.456604433068,17.4299064438596,16.1206469269623,16.2868946449042,15.2437648314818,14.6733814183795
