"year","KNC","KNR","KGC","KGR","IG_cc","IG_R","DEP","pK","z","rho","Ret_R","sfc_max_resid","account"
1925,97064,1696791.81474,11146.602435701,194855.598111128,7140,124815.519216636,7140,5.72044249369939,0.0735597131789335,0.0311663274684674,2253.11330172822,3.72529029846191e-09,"NF_corp"
1926,99885,1749821.83662,18191.6907159521,318688.668566956,7262,127218.362892671,4441,5.70829543383345,0.0458506789127792,0.0173733393839272,3385.29243684274,3.72529029846191e-09,"NF_corp"
1927,101334,1793563.1604,24577.8191497019,435015.601771162,6842,121100.115888614,5393,5.64987072868962,0.0545504173057406,0.0149775726443972,4773.1826844078,3.72529029846191e-09,"NF_corp"
1928,103575,1837304.48418,31159.1685034455,552728.747426509,7007,124296.33136036,4766,5.63733452412631,0.0471371755412551,0.0151332174713024,6583.18570501249,3.72529029846191e-09,"NF_corp"
1929,102600,1891178.93316,37276.6700960332,687103.83220247,7769,143202.428184406,8744,5.4251873369044,0.0877231614031146,0.0159704800040612,8827.34340844485,3.72529029846191e-09,"NF_corp"
1930,97578,1924280.47548,40701.7668551413,802656.493030062,6446,127117.915359447,11468,5.07088240219554,0.119583572566569,0.0168318876854209,11565.2545318543,3.72529029846191e-09,"NF_corp"
1931,87862,1918200.60036,40270.747872706,879189.783369044,4175,91148.4772313742,13891,4.58043856223955,0.157600675883979,0.0182085201070508,14615.1868923928,3.72529029846191e-09,"NF_corp"
1932,82123,1890165.62064,39981.5838385271,920227.16206568,2552,58737.5359384494,8291,4.34475154469234,0.099482787637869,0.0201323509174393,17700.157241813,3.72529029846191e-09,"NF_corp"
1933,82685,1859597.35962,42380.3574425612,953140.240671688,2380,53526.5370489883,1818,4.44639263291363,0.021631478751722,0.0224004020884456,20613.4584429804,3.72529029846191e-09,"NF_corp"
1934,83912,1840682.19258,45340.6524292709,994586.370561041,2956,64842.4130191925,1729,4.55874459688146,0.020395333481987,0.0245465275008763,23396.2831298394,3.72529029846191e-09,"NF_corp"
1935,83436,1829704.64028,47588.3101805641,1043584.92689561,3428,75174.1155721732,3904,4.5600802535666,0.046511303634066,0.026318035328435,26175.5592376054,3.72529029846191e-09,"NF_corp"
1936,91866,1837642.25502,55142.5579328893,1103044.59220349,4422,88455.5118509398,-4008,4.99912318347295,-0.0438180336995967,0.0277848460587817,28995.8465430595,3.72529029846191e-09,"NF_corp"
1937,95067,1861792.87008,60416.5625679002,1183198.43293318,5723,112079.276672955,2522,5.10620711507586,0.0268773029959792,0.0289430147873591,31925.4359432621,3.72529029846191e-09,"NF_corp"
1938,93989,1863481.72428,62373.2475443648,1236649.04279135,4467,88565.3944861501,5545,5.04373070985254,0.0590497817264569,0.0296778491676428,35114.7846279823,3.72529029846191e-09,"NF_corp"
1939,94830,1868717.1723,65643.9409612188,1293577.55701441,4824,95061.6011723632,3983,5.07460419402494,0.0421194793862446,0.0308358197271761,38133.0869492989,3.72529029846191e-09,"NF_corp"
1940,100547,1888983.4227,72640.7584543806,1364706.93837389,5979,112327.885310584,262,5.32281007825279,0.00263400590545585,0.0318484993247654,41198.5039511052,3.72529029846191e-09,"NF_corp"
1941,112617,1920733.88166,84748.8890558626,1445430.64228882,7339,125169.965080785,-4731,5.86322764831276,-0.0427157508538014,0.0325683558250403,44446.2611658624,3.72529029846191e-09,"NF_corp"
1942,120147,1918369.48578,93512.6586336696,1493102.87278911,5984,95545.6482717631,-1546,6.2629749321283,-0.0128517307644599,0.0331205222657105,47873.417771467,3.72529029846191e-09,"NF_corp"
1943,121044,1903338.6834,96927.2291483337,1524118.04560986,5216,82018.229508397,4319,6.35956180871472,0.0354016703446049,0.0341591042500489,51003.0566876508,3.72529029846191e-09,"NF_corp"
1944,122510,1906209.73554,101135.38704882,1573628.76010176,6646,103409.271915753,5180,6.42688984931109,0.0423460424830322,0.0353637682980696,53898.5574238537,3.72529029846191e-09,"NF_corp"
1945,134003,1936102.45488,113996.133140544,1647039.19479589,9022,130351.681290175,-2471,6.92127628175057,-0.0187290554947323,0.0361846758522383,56941.2465960417,3.72529029846191e-09,"NF_corp"
1946,161715,1992172.41432,141769.81479468,1746467.02048181,12964,159703.943228794,-14748,8.11752029280052,-0.0938385763432126,0.0365966503610394,60276.1175428731,3.72529029846191e-09,"NF_corp"
1947,192728,2075432.92638,173066.487597363,1863703.70061695,16831,181248.244074041,-14182,9.28615892859322,-0.0766609941191812,0.0366520313227827,64011.5639389064,3.72529029846191e-09,"NF_corp"
1948,211040,2156329.04256,194649.065120068,1988852.50296416,18915,193266.507960682,603,9.78700355254932,0.00296864908310353,0.0365496433746002,68117.7056134721,3.72529029846191e-09,"NF_corp"
1949,215670,2209190.17902,204285.86406433,2092578.12678413,17205,176237.385960213,12575,9.76240081311929,0.0597360259594365,0.0364590948962625,72511.7621402393,3.72529029846191e-09,"NF_corp"
1950,241923,2269313.38854,233818.311394503,2193288.87511051,18927,177541.178411712,-7326,10.6606254218438,-0.0311064984215169,0.0367156805769544,76830.4300853277,3.72529029846191e-09,"NF_corp"
1951,262117,2342947.43166,259077.394904334,2315777.75189047,22791,203718.62532748,2597,11.1874895893113,0.0102292744316613,0.0370355904638573,81229.7485475273,3.72529029846191e-09,"NF_corp"
1952,277787,2421310.26654,280246.638322454,2442749.52583627,24435,212985.90777432,8765,11.4725900203179,0.032608280772771,0.0371426548848668,86014.1338285203,3.72529029846191e-09,"NF_corp"
1953,292500,2509130.68494,301082.212814788,2582750.83372041,26931,231020.165730322,12218,11.6574238940844,0.0432859634595563,0.0372608230534871,91018.8578461746,3.72529029846191e-09,"NF_corp"
1954,301967,2583102.4989,317038.503835346,2712027.97492639,26377,225635.564858032,16910,11.6900897323506,0.0576504207453069,0.0373084474096355,96358.4236520502,3.72529029846191e-09,"NF_corp"
1955,332305,2666869.66722,354209.343782078,2842660.07065294,28956,232382.5343706,-1382,12.4604889426937,-0.00429369626546671,0.0375182113107872,101750.438644055,3.72529029846191e-09,"NF_corp"
1956,368854,2774787.4506,398952.995274206,3001213.93469001,35341,265860.647550669,-1208,13.2930542092599,-0.00340753532465416,0.0377487215659087,107306.783513604,3.72529029846191e-09,"NF_corp"
1957,396424,2881691.92146,435574.865028179,3166288.03942933,38305,278447.341865087,10735,13.7566405710418,0.0281228892629996,0.0377757932599612,113373.237125764,3.72529029846191e-09,"NF_corp"
1958,404910,2943335.09976,453062.563812608,3293361.35550346,33954,246815.341624685,25468,13.7568433860289,0.0642433972949808,0.0378177929674826,119742.025550555,3.72529029846191e-09,"NF_corp"
1959,422056,3016124.71578,480103.408286131,3430946.97353436,36860,263411.388592156,19714,13.9933205610449,0.0478645807885574,0.0382058805514888,125825.770561254,3.72529029846191e-09,"NF_corp"
1960,431682,3106478.41548,498455.714025098,3586996.71677679,40047,288187.001322102,30421,13.8961853991604,0.0725819431500229,0.0385133489671948,132137.25807967,3.72529029846191e-09,"NF_corp"
1961,443252,3190414.46922,519265.705889766,3737541.67254845,40201,289356.510691691,28631,13.8932419056,0.0663383368096337,0.0386985452957887,138811.554920032,3.72529029846191e-09,"NF_corp"
1962,457910,3288030.24198,543749.297295738,3904400.71971296,43511,312431.446919246,28853,13.9265750708015,0.0649380951142526,0.0389487027860954,145572.399754735,3.72529029846191e-09,"NF_corp"
1963,473397,3392401.43154,569738.42040151,4082791.89131621,46201,331080.126275789,30714,13.9546279988774,0.0669394767075591,0.0391068862121714,152688.954672535,3.72529029846191e-09,"NF_corp"
1964,499570,3521261.007,608273.761212644,4287468.57685472,51757,364813.551532916,25584,14.1872470971874,0.0531573198153778,0.0392223924846649,160136.865994412,3.72529029846191e-09,"NF_corp"
1965,534604,3698084.04174,657066.830863296,4545211.71104637,61567,425885.21634295,26533,14.4562425830772,0.0521233970317517,0.0392170995862202,168142.082151301,3.72529029846191e-09,"NF_corp"
1966,582406,3916621.77522,720914.729453728,4848079.05044815,71377,480003.146344437,23575,14.870110861478,0.042870714181567,0.0389719595485851,177135.806942654,3.72529029846191e-09,"NF_corp"
1967,632741,4112866.63326,790268.421236841,5136807.35249345,73210,475870.800566052,22875,15.3844278558205,0.0379636638314252,0.0386013710942788,187142.498520748,3.72529029846191e-09,"NF_corp"
1968,696068,4311982.54344,876899.251091756,5432190.91103637,79559,492849.864055729,16232,16.1426442010754,0.0244485289132358,0.0384414465956099,197466.305512813,3.72529029846191e-09,"NF_corp"
1969,767094,4523595.9747,974416.586014208,5746188.79325713,88572,522314.009327577,17546,16.9576152311187,0.0239958619170458,0.0383484547061088,208316.127106814,3.72529029846191e-09,"NF_corp"
1970,843414,4703627.83242,1081854.46166378,6033384.26503413,90918,507039.763707932,14598,17.9311380502242,0.0179970654562517,0.0382591487750829,219844.291930939,3.72529029846191e-09,"NF_corp"
1971,921543,4859509.07508,1194039.9917694,6296448.64755293,93782,494534.145535425,15653,18.9637057110513,0.0175485576449425,0.0383648302260611,231469.763016623,3.72529029846191e-09,"NF_corp"
1972,998403,5044776.38082,1304820.91954527,6593058.871139,106816,539724.774358319,29956,19.790827672677,0.0311478064374415,0.0386113767269004,243114.550772249,3.72529029846191e-09,"NF_corp"
1973,1124922,5270238.41652,1477716.03385701,6923071.83106097,124968,585472.730052103,-1551,21.3448028551012,-0.00144038214696822,0.0387467752257461,255459.770130134,3.72529029846191e-09,"NF_corp"
1974,1372198,5484216.24366,1805742.48970474,7216948.49715988,140734,562466.705850939,-106542,25.0208587523572,-0.0807957229751835,0.0387963676105417,268590.039752027,3.72529029846191e-09,"NF_corp"
1975,1518805,5618817.9234,2017964.2211729,7465457.0762581,143302,530145.638221541,-3305,27.030685469889,-0.00222946076556173,0.0390243964237999,281637.059123314,3.72529029846191e-09,"NF_corp"
1976,1666379,5767099.32216,2232320.5809964,7725742.16880324,160253,554612.70675765,12679,28.8945777922874,0.00780950828181474,0.0394252637455447,294327.614212519,3.72529029846191e-09,"NF_corp"
1977,1850996,5959628.70096,2495299.36981849,8034084.21296299,191207,615626.789590285,6590,31.0589147894706,0.00367910096584308,0.0397741393275265,307284.745430527,3.72529029846191e-09,"NF_corp"
1978,2097947,6206032.52874,2838073.70926873,8395435.04134448,230684,682396.842179453,-16267,33.8049629982514,-0.00807435423614423,0.0399604989551834,321046.013797963,3.72529029846191e-09,"NF_corp"
1979,2414175,6483342.38838,3273597.31205292,8791347.85826195,272473,731734.754352549,-43755,37.2365803837059,-0.0189340643945814,0.040000540267572,335821.937435085,3.72529029846191e-09,"NF_corp"
1980,2766412,6732786.15372,3764490.64150379,9161871.21329913,296668,722019.063918102,-55569,41.0886657742947,-0.020859869387779,0.0399820044147831,351495.708880923,3.72529029846191e-09,"NF_corp"
1981,3125661,6986620.93998,4273635.2075847,9552625.58260382,339138,758056.824570207,-20111,44.7378071152225,-0.006676735202981,0.040090331627053,367302.455265513,3.72529029846191e-09,"NF_corp"
1982,3320755,7179488.08962,4584730.92683407,9912210.04961753,343827,743355.607802977,148733,46.2533673508157,0.0460253183211791,0.0401744146120566,383771.140789265,3.72529029846191e-09,"NF_corp"
1983,3415779,7344489.14496,4765970.48545067,10247623.893581,342125,735625.269878244,247101,46.5080543055061,0.0740036009602913,0.0403755997816268,400211.425914777,3.72529029846191e-09,"NF_corp"
1984,3613437,7601701.63962,5074147.40055949,10674644.2831317,401008,843613.205682218,203350,47.5345806939699,0.0582469133742665,0.0406526254727643,416592.816131499,3.72529029846191e-09,"NF_corp"
1985,3801706,7867696.17612,5376166.49114989,11126069.3342948,428068,885894.113516231,239799,48.3204474969296,0.0652838262316224,0.0407010342292835,434469.062353169,3.72529029846191e-09,"NF_corp"
1986,3959550,8069007.59676,5654438.71507848,11522953.10007,417120,850032.061411153,259276,49.0710902489409,0.0671566509765803,0.0407285162459996,453148.295635943,3.72529029846191e-09,"NF_corp"
1987,4154780,8233333.11042,5994387.48617981,11878797.1846046,417524,827387.77350305,222294,50.462916346015,0.0545927876090245,0.0409221216881948,471543.688968426,3.72529029846191e-09,"NF_corp"
1988,4404530,8399009.70744,6416505.2884377,12235650.6154864,443910,846493.13303115,194160,52.4410633327211,0.0449689334552057,0.0412196365120164,489639.702149366,3.72529029846191e-09,"NF_corp"
1989,4650305,8581405.96104,6836321.74686528,12615355.8078743,480992,887595.032156504,235217,54.190479055677,0.0516794202608426,0.0415090178470564,507889.839768571,3.72529029846191e-09,"NF_corp"
1990,4905710,8793863.8194,7263868.13820859,13021044.2952162,520085,932292.504961086,264680,55.7856034702015,0.0552892301479941,0.041743096717933,526604.017619236,3.72529029846191e-09,"NF_corp"
1991,5028760,8954980.51008,7520461.27245121,13392085.5482489,514912,916931.1966382,391862,56.1560127834949,0.0793518672262214,0.0419236684269688,545889.943605516,3.72529029846191e-09,"NF_corp"
1992,5205412,9116941.62786,7856138.52084372,13759517.2706626,532336,932351.990276366,355684,57.0960329952431,0.0695654741754427,0.0421831436057739,564920.267862591,3.72529029846191e-09,"NF_corp"
1993,5454732,9325177.35072,8285282.24616563,14164165.4156916,578320,988671.224446662,329000,58.4946730217291,0.0616922210573824,0.042445026807949,584023.079417713,3.72529029846191e-09,"NF_corp"
1994,5759417,9563981.3346,8796564.3963655,14607412.1209571,630521,1047031.50945197,325836,60.2198686771159,0.058023264765303,0.0426276301120812,603784.804186434,3.72529029846191e-09,"NF_corp"
1995,6106995,9881148.15336,9358809.20926506,15142599.6477446,716637,1159522.21496488,369059,61.8045079905352,0.0624362667367173,0.0427409511696926,624334.688177405,3.72529029846191e-09,"NF_corp"
1996,6431219,10244082.92094,9881588.93450288,15740066.7642776,781007,1244041.05502154,456783,62.7798412960315,0.0736346637622415,0.0426990050275049,646573.938488541,3.72529029846191e-09,"NF_corp"
1997,6811804,10654136.7207,10490870.2173667,16408452.9758848,855906,1338696.70120683,475321,63.9357667220967,0.0725721583124653,0.0425862545336139,670310.489599603,3.72529029846191e-09,"NF_corp"
1998,7180238,11084625.65628,11089647.5796937,17119849.2419021,911542,1407209.87799802,543108,64.7765492732904,0.0786955410318681,0.0424058022412849,695813.611980794,3.72529029846191e-09,"NF_corp"
1999,7599121,11553789.35304,11771886.2711747,17898108.7766724,987288,1501083.82045557,568405,65.7716768741377,0.0779646877923229,0.0422214165248639,722824.285685223,3.72529029846191e-09,"NF_corp"
2000,8137294,12074800.87374,12642295.19277,18759700.3426125,1087247,1613348.49466803,549074,67.3907096695632,0.0705190420664127,0.0420020315055714,751756.928727938,3.72529029846191e-09,"NF_corp"
2001,8540556,12448375.42278,13381928.9784894,19504968.5061739,1048496,1528246.15133759,645234,68.6077958764896,0.0778867889226192,0.0417372331901073,782977.987776153,3.72529029846191e-09,"NF_corp"
2002,8810698,12636682.66608,13967297.9558397,20032500.4864013,935180,1341275.44669726,665038,69.7231879031837,0.0766225406350274,0.0417198041725805,813743.466469926,3.72529029846191e-09,"NF_corp"
2003,9081233,12829549.81572,14536988.3054907,20537190.8898089,953330,1346820.9356395,682795,70.7837229711116,0.0763350248611117,0.0420382134922944,842130.532231828,3.72529029846191e-09,"NF_corp"
2004,9838424,13043865.4137,15851424.2920684,21015951.8517595,1017506,1349018.02581717,260315,75.4256785696875,0.0269010078089167,0.0423746883658957,870257.063866566,3.72529029846191e-09,"NF_corp"
2005,10724500,13309859.9502,17353787.8806656,21537273.1872942,1143620,1419312.97834377,257544,80.5756036511778,0.024504258182392,0.0427290493023248,897991.642809118,3.72529029846191e-09,"NF_corp"
2006,11601575,13657426.14456,18780230.0836975,22108171.1186578,1271805,1497174.5524019,394730,84.947008881473,0.0349123077804021,0.0430080731661413,926276.621038321,3.72529029846191e-09,"NF_corp"
2007,12248970,14033871.74574,19834053.5650223,22724242.4407652,1371569,1571432.00093011,724174,87.2814731523978,0.0607507997992682,0.0432130126773077,955360.678822647,3.72529029846191e-09,"NF_corp"
2008,13060201,14369615.9607,21172985.4940464,23295787.7364153,1415006,1556874.41579852,603775,90.8876133900783,0.047336149064332,0.0433602626233609,985329.120148505,3.72529029846191e-09,"NF_corp"
2009,12692474,14446458.8268,20758228.1657367,23626827.08774,1182561,1345980.20816741,1550288,87.8587213113698,0.122795469989572,0.0435675697394906,1014940.85684264,3.72529029846191e-09,"NF_corp"
2010,13078839,14588491.46502,21497725.7713745,23979145.926717,1249146,1393331.30100951,862781,89.6517575608156,0.0666162774437022,0.0440606120393,1041012.46203254,3.72529029846191e-09,"NF_corp"
2011,13738372,14825099.93844,22622368.5489913,24411835.3021026,1389556,1499472.17691142,730023,92.6696754628802,0.0539993479184681,0.0444879398451462,1066782.80152577,3.72529029846191e-09,"NF_corp"
2012,14229170,15132471.40284,23456478.5729929,24945551.372086,1529893,1627014.23005735,1039095,94.030708013296,0.074539747827321,0.0447855782469508,1093298.16007399,3.72529029846191e-09,"NF_corp"
2013,14783467,15438829.55472,24385700.2325838,25466737.2317574,1572655,1642372.01553453,1018358,95.7551020794861,0.0702795050081128,0.0449453347067613,1121186.15586311,3.72529029846191e-09,"NF_corp"
2014,15515241,15843141.2502,25558952.5179627,26099117.3098271,1744503,1781371.45535784,1012729,97.9303331011086,0.0669825446212038,0.0451173374442089,1148991.3772882,3.72529029846191e-09,"NF_corp"
2015,15792586,16202867.1948,26050072.595507,26726836.6738607,1760602,1806341.30400805,1483257,97.467848190895,0.0960536194066723,0.0451594560069898,1178621.9399744,3.72529029846191e-09,"NF_corp"
2016,16251521,16545197.94114,26840608.8418411,27325638.3909526,1775302,1807383.01327622,1316367,98.2250019480893,0.0827109612183827,0.0452197658455519,1208581.29618429,3.72529029846191e-09,"NF_corp"
2017,16888542,16888542,27955817.7366538,27955817.7366538,1868618,1868618,1231597,100,0.0744383357867002,0.0453214902642088,1238438.65429885,3.72529029846191e-09,"NF_corp"
2018,17670681,17325786.35238,29246698.7584052,28675864.5125531,2028676,1989080.49747493,1246537,101.990643544861,0.0723690186546857,0.0453942622437306,1269033.7215756,3.72529029846191e-09,"NF_corp"
2019,18471301,17718951.61014,30606198.8310896,29359586.3149217,2069383,1985095.54036537,1268763,104.246015263281,0.0702470493801837,0.0453821971932912,1301373.73799679,3.72529029846191e-09,"NF_corp"
2020,18843167,17969239.80258,31377615.1802049,29922352.8404846,1988702,1896467.99467788,1616836,104.863462266748,0.0870169297219578,0.0454264394194514,1333701.46911494,3.72529029846191e-09,"NF_corp"
2021,20906670,18286406.62134,34835860.611727,30469831.5011602,2185960,1911990.4517546,122457,114.329022825087,0.00596070213002264,0.0456017545930696,1364511.79107902,3.72529029846191e-09,"NF_corp"
2022,23313722,18676700.82696,38785081.9117615,31070859.102425,2491698,1996107.61838605,84646,124.827838792312,0.00370822959828489,0.0457856164077616,1395080.01712125,3.72529029846191e-09,"NF_corp"
2023,24166378,19145864.52372,40160450.1604054,31817202.3123503,2742568,2172805.34861657,1889912,126.222443337881,0.0801686993623857,0.0459099677285701,1426462.13869128,3.72529029846191e-09,"NF_corp"
2024,24954909,19595268.62634,41511217.4639092,32595729.2495724,2851190,2238831.404063,2062659,127.351706556631,0.0845955825674422,0.0458966961489904,1460304.4668409,3.72529029846191e-09,"NF_corp"
1925,16944,478281.79245,1687.11283585626,23811.2414777719,1148,16202.4167177939,1148,7.0853627578856,0.033876298394712,0.00974306084165483,74.8626337654987,9.31322574615479e-10,"gov_trans"
1926,16855,504361.07965,2714.9314450944,40620.1647826623,1135,16981.6026521136,1224,6.68370367186004,0.0382895606258836,0.00725200940842803,172.679347223153,9.31322574615479e-10,"gov_trans"
1927,17695,537400.71715,3966.55202012895,60232.4922359446,1310,19892.4820420034,470,6.58540245120698,0.0141505712114052,0.00689693383126595,280.154588721142,9.31322574615479e-10,"gov_trans"
1928,17545,572466.78575,5038.33685245113,82196.6515659296,1372,22383.1413522086,1522,6.12961325852781,0.0462044001896824,0.00695607979464529,418.982022223583,9.31322574615479e-10,"gov_trans"
1929,18080,625814.7871,6143.31832420606,106321.334323854,1428,24714.1459064934,893,5.77806736839249,0.0269971900356502,0.00717137665999204,589.463148569406,9.31322574615479e-10,"gov_trans"
1930,18086,673215.6537,7304.17904842333,135941.824417399,1634,30411.2124888256,1628,5.37301825963171,0.0484161512870703,0.0074370999979328,790.722395280144,9.31322574615479e-10,"gov_trans"
1931,17270,723259.6913,7930.35661333534,166059.851651993,1488,31158.3792893573,2304,4.77560140783142,0.0716638601358729,0.00765292108754719,1040.35205476355,9.31322574615479e-10,"gov_trans"
1932,14142,765198.0045,7152.46402373709,193503.436509039,1063,28758.5022904646,4191,3.69629819127423,0.156767632387913,0.0079183343856867,1314.91743341801,9.31322574615479e-10,"gov_trans"
1933,18084,789206.80775,9726.90747403765,212246.781598785,932,20336.7823717927,-3010,4.5828291956976,-0.0858339296040215,0.00823467174947188,1593.43728204671,9.31322574615479e-10,"gov_trans"
1934,21846,813964.50945,12398.5759431337,230980.517839224,1104,20567.0790632793,-2658,5.36780160470669,-0.0627433492852014,0.0086377885640038,1833.3428228406,9.31322574615479e-10,"gov_trans"
1935,21494,836607.67435,12738.9591944735,247918.280109055,977,19013.8107806818,1329,5.13837026816655,0.0317756260377863,0.00898798102226011,2076.04851085076,9.31322574615479e-10,"gov_trans"
1936,24603,879867.57305,15303.4580709986,273645.825960289,1568,28037.8887644271,-1541,5.59243248724701,-0.0329366970095832,0.00931896959020707,2310.34291319272,9.31322574615479e-10,"gov_trans"
1937,23979,916651.7028,15587.4795579511,297933.393368282,1407,26892.8843120981,2031,5.23186722432389,0.0441200399721408,0.00952076244891641,2605.31690410544,9.31322574615479e-10,"gov_trans"
1938,24336,962422.61395,16537.5499193564,327007.561261416,1617,31973.9761414602,1260,5.05723777626537,0.0271802108997677,0.0097330756231889,2899.80824832678,9.31322574615479e-10,"gov_trans"
1939,24799,1012158.2816,17494.5753446178,357015.994962098,1629,33243.393699875,1166,4.90022172437264,0.0247239012351852,0.00989261528606289,3234.95999919283,9.31322574615479e-10,"gov_trans"
1940,25227,1054272.8062,18404.9407114533,384584.542193057,1491,31155.5229326555,1063,4.78566834914915,0.0219453359319109,0.010047100836693,3586.97570169648,9.31322574615479e-10,"gov_trans"
1941,29516,1077664.86955,22063.2881945282,402778.672482725,1212,22125.7931612447,-3077,5.4777697286031,-0.0532807979148673,0.0102231432630036,3931.66287157625,9.31322574615479e-10,"gov_trans"
1942,37847,1079206.7193,28771.6349421668,410211.400571156,817,11648.3722576175,-7514,7.01385551501171,-0.0994101318624366,0.0104664036534049,4215.64416918677,9.31322574615479e-10,"gov_trans"
1943,41756,1070924.7835,32141.1334011593,412165.1538591,497,6373.33098715753,-3412,7.79812002548543,-0.0405428679109393,0.0107739026586291,4419.57769921353,9.31322574615479e-10,"gov_trans"
1944,37969,1060704.5223,29564.2617756858,412954.596696396,384,5363.72483556586,4171,7.1592039445008,0.0544022029532655,0.0110981774064133,4574.28199826991,9.31322574615479e-10,"gov_trans"
1945,36197,1051189.1067,28508.2595896318,413951.044721894,393,5706.51323221676,2165,6.88686740935383,0.0296375130688511,0.0114057701364732,4710.0652067191,9.31322574615479e-10,"gov_trans"
1946,39026,1051497.47665,31190.1660309372,420186.297312369,822,11073.7831933365,-2007,7.42293745189655,-0.0257211699940058,0.0116886541646776,4838.53060286121,9.31322574615479e-10,"gov_trans"
1947,47724,1066695.7099,38620.6172644474,431611.419303452,1470,16428.2404403759,-7228,8.94800636340311,-0.076821648930075,0.0119069052972316,5003.11844929279,9.31322574615479e-10,"gov_trans"
1948,51553,1087312.4437,42292.309895187,445996.884971325,1858,19593.6853373674,-1971,9.48264692429547,-0.0194857216959035,0.0120669181503579,5208.21966949454,9.31322574615479e-10,"gov_trans"
1949,47225,1118942.39,39472.5671857911,467628.678309207,2285,27070.2314573849,6613,8.44100651151486,0.0720526451679766,0.0121938926094784,5438.43811950224,9.31322574615479e-10,"gov_trans"
1950,53022,1159118.5892,44701.3995904992,488610.607187628,2444,26714.2491041907,-3353,9.14867563923631,-0.032754245229361,0.0122582734799248,5732.32022577003,9.31322574615479e-10,"gov_trans"
1951,59736,1192554.70235,51024.186489785,509317.108041854,2678,26731.4642166642,-4036,10.0181567993966,-0.0347564540387963,0.0123308075465587,6024.96336243782,9.31322574615479e-10,"gov_trans"
1952,62966,1226783.7668,54592.8267384565,531823.473195562,2959,28825.5023819299,-271,10.265215713482,-0.00221372108492991,0.01240707827883,6319.13722822261,9.31322574615479e-10,"gov_trans"
1953,58242,1270660.4054,51496.2992095468,561745.033053488,3351,36554.230782729,8075,9.16720152016787,0.0718021968309997,0.0124715648313704,6632.67092480301,9.31322574615479e-10,"gov_trans"
1954,60715,1331497.39125,54659.2814880336,599346.872345518,4069,44617.1694391522,1596,9.11980757889449,0.0137726564568417,0.0124884595934726,7015.33014712243,9.31322574615479e-10,"gov_trans"
1955,67278,1399514.99165,61214.6782099008,636692.974403123,4309,44817.8460939672,-2254,9.61447364285546,-0.0176071100465309,0.0124664770621408,7471.74403636121,9.31322574615479e-10,"gov_trans"
1956,77285,1467752.8563,71143.9391454047,675562.656978076,4929,46804.3852539477,-5078,10.5310645001672,-0.0344542554089017,0.012462368830807,7934.70267899529,9.31322574615479e-10,"gov_trans"
1957,79571,1540924.64015,74379.5074738859,720194.642449711,5479,53051.5269594566,3193,10.3276951937447,0.0210640837301905,0.0124630060599917,8419.54148782182,9.31322574615479e-10,"gov_trans"
1958,86078,1627224.1733,81397.3654649847,769370.57510373,6151,58139.4542738464,-356,10.5797346686946,-0.00218370426384312,0.0124459709799259,8963.5216198272,9.31322574615479e-10,"gov_trans"
1959,86534,1719735.1583,82946.87413458,824223.170778666,6482,64410.0775192445,6026,10.0636426001247,0.0367981965841513,0.0124224686433061,9557.48184430847,9.31322574615479e-10,"gov_trans"
1960,90109,1813435.57025,87075.8455461399,876196.803998297,6180,62185.9737881066,2605,9.93793233994827,0.0152422865488129,0.0123902614371149,10212.3405684755,9.31322574615479e-10,"gov_trans"
1961,96367,1918105.14185,93661.7698336629,932129.890484917,6711,66788.4421376371,453,10.0481457348115,0.00248605164632684,0.0123891751276442,10855.355651017,9.31322574615479e-10,"gov_trans"
1962,104767,2020836.38805,102631.490613308,989822.419231177,7179,69237.3764153357,-1221,10.3686771100846,-0.00613931481640098,0.0123854494817987,11544.8476690755,9.31322574615479e-10,"gov_trans"
1963,113625,2135902.43225,112025.767993537,1052920.17747886,8018,75360.4651343476,-840,10.6395309340329,-0.00390684022950722,0.0123887948468489,12262.7068866667,9.31322574615479e-10,"gov_trans"
1964,119850,2248633.6754,118968.124857901,1116043.93764985,8119,76164.6091388093,1894,10.6598065581919,0.0083185808254612,0.0123854108286216,13040.8489678208,9.31322574615479e-10,"gov_trans"
1965,131815,2367179.89475,131481.806033289,1180598.14045223,8730,78388.1974022968,-3235,11.1368806648234,-0.0129179026863891,0.012395564487405,13833.994599916,9.31322574615479e-10,"gov_trans"
1966,146799,2497091.7494,146889.016013532,1249311.47339177,9802,83367.3707846062,-5182,11.7575976161287,-0.0186186227335342,0.0124123843185556,14654.0378450652,9.31322574615479e-10,"gov_trans"
1967,161719,2631893.4704,161810.202661972,1316688.87338576,10188,82902.2275565493,-4732,12.2891752131154,-0.0154201110024024,0.0124267069447494,15524.8275625526,9.31322574615479e-10,"gov_trans"
1968,175348,2774096.0702,175466.1368625,1387982.52823938,11086,87693.127478606,-2543,12.6418116433407,-0.0076430858591413,0.0124550855987887,16399.4726249924,9.31322574615479e-10,"gov_trans"
1969,199542,2904580.6119,199424.088555477,1451432.13249358,11098,80772.5582355248,-13096,13.7398149104543,-0.0343586654638385,0.0124806714990108,17322.9539813221,9.31322574615479e-10,"gov_trans"
1970,232682,3019558.5504,232687.877490114,1509817.41185331,11802,76578.3988701765,-21338,15.411656778053,-0.0476673433584583,0.0125345988304633,18193.1195104509,9.31322574615479e-10,"gov_trans"
1971,248701,3119294.2028,249997.519840251,1567777.80216419,12277,76991.1961105416,-3742,15.9459790472317,-0.0077715767242371,0.0126047068011333,19030.8057996568,9.31322574615479e-10,"gov_trans"
1972,269509,3216166.41995,271606.057903434,1620595.75539967,12183,72692.480574398,-8625,16.7596426806913,-0.0164982549493413,0.0126768776235283,19874.5273389196,9.31322574615479e-10,"gov_trans"
1973,318487,3305681.81115,320707.517910364,1664364.65013541,12419,64450.45231465,-36559,19.2690656992908,-0.0589922739838481,0.0127617004487403,20681.5575789105,9.31322574615479e-10,"gov_trans"
1974,425424,3380043.02195,428022.989138935,1700346.14604869,14448,57395.5178611616,-92489,25.1726973436312,-0.111147393205346,0.0128661840697797,21414.0219478766,9.31322574615479e-10,"gov_trans"
1975,420686,3448809.5208,424888.322875444,1741630.2101919,15458,63362.8140376984,20196,24.3960124479369,0.0244920020790888,0.0129848560222896,22078.7498944973,9.31322574615479e-10,"gov_trans"
1976,416190,3522113.4632,421052.555807371,1781632.0376798,14840,62793.6324682092,19336,23.6329694854221,0.0237235203326437,0.0130864777419046,22791.8049803048,9.31322574615479e-10,"gov_trans"
1977,421372,3595020.92995,426976.087963968,1821416.67317553,14834,63279.6442037894,9652,23.4419775690074,0.0116901403360646,0.0131873519397732,23495.0087080589,9.31322574615479e-10,"gov_trans"
1978,445474,3684844.6911,451366.418850901,1866792.62116707,16822,69573.5973296805,-7280,24.1787123932769,-0.00837523085585297,0.0132850707334038,24197.6493381379,9.31322574615479e-10,"gov_trans"
1979,515859,3790483.4254,521520.404864166,1916041.44799792,20197,74202.8284306407,-50188,27.2186390022567,-0.050039653730355,0.013367313174932,24954.0015997925,9.31322574615479e-10,"gov_trans"
1980,624704,3892069.2975,628906.594071765,1959126.27883126,22097,68835.0444905567,-86748,32.1013811548149,-0.0712920578147272,0.0134392779885426,25750.2136572137,9.31322574615479e-10,"gov_trans"
1981,717092,3969337.9964,720512.76857564,1994136.53282887,22222,61503.0072542999,-70166,36.1315665559531,-0.0498952684111753,0.0135227389591724,26492.7532566899,9.31322574615479e-10,"gov_trans"
1982,748439,4031540.6206,751865.015127527,2024997.5947904,21543,58021.7489932953,-9804,37.1291806499825,-0.00665226981180192,0.0136202745321766,27160.6870317721,9.31322574615479e-10,"gov_trans"
1983,724633,4101628.70495,728233.289178232,2061003.68241136,22541,63794.2328311559,46347,35.3339149945721,0.0325356005926945,0.013722557143612,27788.1452101881,9.31322574615479e-10,"gov_trans"
1984,722206,4191364.3604,726568.313987068,2108340.65117246,26122,75800.2701600158,28549,34.4616185995854,0.0201975589871078,0.0138104078327609,28463.301398923,9.31322574615479e-10,"gov_trans"
1985,756640,4293566.9724,761509.986963553,2160600.8994895,28728,81508.7703419772,-5706,35.2452869543598,-0.00386256054794783,0.0138727686195642,29248.5220249368,9.31322574615479e-10,"gov_trans"
1986,816975,4399734.3409,822011.518208845,2213428.9943259,30792,82913.5651794687,-29543,37.1374695242568,-0.0185278081254102,0.0139245847533331,30085.4703430692,9.31322574615479e-10,"gov_trans"
1987,871566,4509117.56745,876874.98095974,2268292.00605746,33167,85796.0856433214,-21424,38.6579408038318,-0.0125960793747009,0.01397518239395,30933.0739117617,9.31322574615479e-10,"gov_trans"
1988,892950,4632157.1775,898348.66438949,2330081.31118725,36085,93595.0454953175,14701,38.5543912170066,0.00845632116395362,0.0140218897216861,31805.7403655198,9.31322574615479e-10,"gov_trans"
1989,936221,4757047.00725,940965.764362247,2390577.85142831,36704,93248.63112134,-6567,39.3614357214948,-0.00360174363893113,0.0140562008385845,32752.0908802803,9.31322574615479e-10,"gov_trans"
1990,992403,4897046.96455,996422.266077273,2458440.08608587,41161,101555.189831068,-15021,40.5306711242127,-0.00779072021734056,0.0140940631376576,33692.9551735165,9.31322574615479e-10,"gov_trans"
1991,1021027,5038060.1374,1024640.14216769,2527944.24409684,42242,104217.487061582,13618,40.5325451524651,0.00686080673362786,0.0141200630623764,34713.3290506066,9.31322574615479e-10,"gov_trans"
1992,1047212,5184491.8108,1049641.87005941,2598260.75312153,42852,106074.912757112,16667,40.3978649486345,0.00818909058620155,0.014145250163615,35758.4037324203,9.31322574615479e-10,"gov_trans"
1993,1081732,5346341.9817,1081936.9021169,2673677.34399003,45418,112236.746312788,10898,40.466247901936,0.00519454691508341,0.0141710778643188,36820.1554442889,9.31322574615479e-10,"gov_trans"
1994,1154738,5513126.0718,1152649.03060604,2751576.29794341,48526,115840.110813088,-24480,41.8904986013855,-0.010930477854841,0.0141906266083299,37941.1568597138,9.31322574615479e-10,"gov_trans"
1995,1241162,5667927.7867,1236859.87023458,2824140.7756428,48903,111660.956649088,-37521,43.7959708277311,-0.0155396889999608,0.0142087569873729,39096.4789496931,9.31322574615479e-10,"gov_trans"
1996,1312031,5821892.49745,1306136.79506093,2897869.031985,51354,113936.891473619,-19515,45.0723197164727,-0.00763896177660298,0.0142374755104996,40208.6351314179,9.31322574615479e-10,"gov_trans"
1997,1391593,5970174.39055,1385605.18738472,2972242.81996873,53944,115714.53985606,-25618,46.618169218062,-0.00943899651002295,0.014265914510297,41340.7518723351,9.31322574615479e-10,"gov_trans"
1998,1449724,6117487.12095,1445722.55173999,3050300.98513108,57134,120545.879480631,-997,47.3960621849211,-0.000352343188812332,0.0142948328557901,42487.7143182751,9.31322574615479e-10,"gov_trans"
1999,1546342,6280570.77165,1543058.90525537,3133618.13210827,62536,126997.059439601,-34082,49.2420850340566,-0.0113139843749844,0.0143198696375645,43679.9124624117,9.31322574615479e-10,"gov_trans"
2000,1665389,6472509.0391,1659117.76247742,3224067.98488715,69669,135383.754859993,-49378,51.4603839079867,-0.0152778189726366,0.0143393037015913,44933.9020811138,9.31322574615479e-10,"gov_trans"
2001,1741591,6667354.79465,1735960.15155362,3322899.07325612,75804,145100.704715874,-398,52.2423375878387,-0.000117703073983993,0.0143513153456439,46269.6163469103,9.31322574615479e-10,"gov_trans"
2002,1827495,6879997.9016,1818823.70231306,3423676.46841555,78879,148478.4785951,-7025,53.1248708542484,-0.00198332951601346,0.0143552609886886,47701.0834356629,9.31322574615479e-10,"gov_trans"
2003,1882379,7094755.54535,1870143.14725316,3524319.0836098,79494,149807.901948028,24610,53.0639565512229,0.00674098994345432,0.0143603775670229,49165.2867537789,9.31322574615479e-10,"gov_trans"
2004,2176016,7287618.92265,2156389.3961664,3610944.07580277,81973,137266.450693926,-211664,59.7181609822357,-0.0499577807627914,0.0143691468620061,50641.4585009599,9.31322574615479e-10,"gov_trans"
2005,2431593,7411495.53685,2421884.0566736,3690951.33865013,86612,131996.689297438,-168965,65.6167972552936,-0.0353342655899249,0.0143977379208015,51989.4264500789,9.31322574615479e-10,"gov_trans"
2006,2782275,7556649.6776,2771971.04075964,3764332.07922884,93270,126660.505419082,-257412,73.6377923737138,-0.0471652539815349,0.0144352390351091,53279.7648403706,9.31322574615479e-10,"gov_trans"
2007,3121039,7685988.8452,3112010.64716742,3831877.64079084,99126,122055.720910456,-239638,81.2137270261361,-0.0390478346781307,0.0144806988865921,54510.159348452,9.31322574615479e-10,"gov_trans"
2008,3321905,7807574.7112,3315771.84272976,3896579.88223714,102444,120388.629974995,-98422,85.0944146646388,-0.0150484365285521,0.0145324025840266,55686.3885287027,9.31322574615479e-10,"gov_trans"
2009,3361690,7941275.11095,3357918.70241254,3966183.11266985,107049,126440.207061342,67264,84.6637335448727,0.0101758131782728,0.0145863753205024,56836.9766286297,9.31322574615479e-10,"gov_trans"
2010,3493481,8068984.3231,3491165.69223524,4031818.29813741,107091,123675.440076116,-24700,86.5903528898628,-0.00359200722939372,0.0146337808819638,58040.2546085556,9.31322574615479e-10,"gov_trans"
2011,3734604,8177530.5455,3735115.52278912,4089325.30444717,106604,116713.507814012,-134519,91.3381852680479,-0.0182520806783564,0.014684813929141,59206.5015042538,9.31322574615479e-10,"gov_trans"
2012,3902446,8261847.7004,3913449.47322672,4142571.54756399,107258,113537.671072131,-60584,94.4690858876777,-0.00784234702150734,0.0147436125684944,60291.4279553093,9.31322574615479e-10,"gov_trans"
2013,4004879,8354182.474,4019707.68334852,4192557.56276698,106729,111318.412025375,4296,95.8772210797176,0.000542340016404627,0.0148053922830727,61332.3968223804,9.31322574615479e-10,"gov_trans"
2014,4048074,8461891.69225,4063628.94085662,4247203.48183127,111928,116984.350252757,68733,95.6777549801899,0.00859904787217693,0.0148688313172076,62338.4311884654,9.31322574615479e-10,"gov_trans"
2015,4073987,8581142.7572,4091342.93138997,4308849.99914316,118726,125037.801420491,92813,94.9520854103429,0.0115514589961624,0.0149254172492055,63391.2841086102,9.31322574615479e-10,"gov_trans"
2016,4213927,8698455.49675,4234208.38638544,4370160.32941949,121913,125827.382032874,-18027,96.8890856905447,-0.00216822063890473,0.0149731486984621,64517.0517565389,9.31322574615479e-10,"gov_trans"
2017,4405285,8810570,4431626.6103858,4431626.6103858,127107,127107,-64251,100,-0.00738648372966972,0.0150202084330408,65640.7190336871,9.31322574615479e-10,"gov_trans"
2018,4624515,8932243.9717,4654921.96359356,4495487.48874665,135261,130628.212023976,-83969,103.546544735048,-0.00920405835963339,0.0150661008999839,66767.3336631262,9.31322574615479e-10,"gov_trans"
2019,4760410,9079336.43785,4787234.75404381,4565249.10028042,144377,137682.190912912,8482,104.862509118062,0.000905560449238453,0.0151086127031096,67920.5793791481,9.31322574615479e-10,"gov_trans"
2020,4931866,9244005.99115,4945436.92025581,4634721.27179642,147903,138610.438534731,-23553,106.704084889639,-0.00243114620394854,0.0151444675854554,69138.2670187263,9.31322574615479e-10,"gov_trans"
2021,5540500,9345944.28605,5553398.29447053,4683850.83100502,141668,119485.717454754,-466966,118.564798385753,-0.0426058540308942,0.0151802350390065,70356.1582461528,9.31322574615479e-10,"gov_trans"
2022,5853641,9423124.87925,5879180.09298899,4732118.71071662,148626,119628.224407972,-164515,124.239911388416,-0.0141684121298239,0.0152354007997023,71360.34469638,9.31322574615479e-10,"gov_trans"
2023,6075442,9535944.2281,6108405.14065063,4793841.39819652,170842,134075.823933227,-50959,127.421928121123,-0.00424406256869189,0.0152897974198049,72353.1364533252,9.31322574615479e-10,"gov_trans"
2024,6277027,9664710.70865,6318903.07665223,4864593.55932691,187362,144240.22134954,-14223,129.895807318516,-0.00114823921302054,0.0153296811710939,73488.0602191437,9.31322574615479e-10,"gov_trans"
1925,1915,17647.73062,500.815314280934,4615.27611321179,369,3400.52877220888,369,10.8512535760816,0.192689295039164,0.202701056653921,308.83092426469,9.31322574615479e-10,"NF_IPP"
1926,2005,18563.26584,850.652522789777,7875.75507132832,387,3583.03435415461,297,10.8009011845299,0.155814399600284,0.0698886454733935,322.55539603808,9.31322574615479e-10,"NF_IPP"
1927,2093,19699.79232,1198.22677281905,11277.9830753937,422,3971.96003776397,334,10.6244774868774,0.169349727468627,0.0723399888059834,569.732033698557,9.31322574615479e-10,"NF_IPP"
1928,2250,21246.73114,1571.74093180626,14841.9364443647,482,4551.52195976889,325,10.5898643192413,0.155787037037037,0.0875660642684042,987.568590797902,9.31322574615479e-10,"NF_IPP"
1929,2451,23456.64374,1966.12793778727,18816.3046038094,577,5522.02506649531,376,10.4490652079964,0.16936290066886,0.104275942216305,1547.65690705064,9.31322574615479e-10,"NF_IPP"
1930,2510,25413.9949,2194.96957497094,22224.2811091501,556,5629.55424876494,497,9.87644803533033,0.214530840299636,0.118066633709496,2221.57774342426,9.31322574615479e-10,"NF_IPP"
1931,2484,26834.653,2279.35012637536,24623.8203328458,500,5401.50020128824,526,9.2566876120962,0.223592482571689,0.13507572923727,3001.96097759253,9.31322574615479e-10,"NF_IPP"
1932,2386,27844.89876,2226.00762647135,25977.7690687689,442,5158.1916395306,540,8.56889450583156,0.234840491100044,0.154494422562568,3804.24290360743,9.31322574615479e-10,"NF_IPP"
1933,2374,29012.99542,2183.41080018233,26683.7773991864,428,5230.64955339511,440,8.18254015358749,0.193116280491416,0.17417358707747,4524.64122297764,9.31322574615479e-10,"NF_IPP"
1934,2582,30875.63604,2307.256347129,27590.2429221281,501,5990.97353061193,293,8.36258076321073,0.120763231512379,0.190546785472182,5084.50800767024,9.31322574615479e-10,"NF_IPP"
1935,2799,33148.689,2430.54719050883,28785.0850010722,563,6667.63555091104,346,8.44377284422922,0.132716110267251,0.19835974215282,5472.79347196699,9.31322574615479e-10,"NF_IPP"
1936,3134,35895.29466,2652.8336883327,30384.2523697118,644,7376.05927282706,309,8.73094936170667,0.106765429847753,0.200690458408311,5776.89190418738,9.31322574615479e-10,"NF_IPP"
1937,3447,38673.4705,2871.75898736378,32219.5783234473,704,7898.4981816072,391,8.91308681490067,0.12221122518938,0.199549824497763,6063.17222787173,9.31322574615479e-10,"NF_IPP"
1938,3710,41735.77796,3050.82120995757,34320.3225375869,754,8482.1500220593,491,8.8892556490877,0.14282457780956,0.198059879737027,6381.40580791968,9.31322574615479e-10,"NF_IPP"
1939,3970,44545.52398,3228.93600027305,36230.3894282238,771,8651.0324908262,511,8.91223100615552,0.137380771824996,0.196413235709155,6740.9656001893,9.31322574615479e-10,"NF_IPP"
1940,4336,47292.12964,3485.26563565902,38013.2920367674,819,8932.71544630074,453,9.16854460352443,0.110915879711597,0.197342975071292,7149.81283775719,9.31322574615479e-10,"NF_IPP"
1941,5140,52248.6479,4125.27188765797,41933.8284727645,1130,11486.5704527237,326,9.8375751461312,0.0700713792189846,0.199036537256719,7566.03401672657,9.31322574615479e-10,"NF_IPP"
1942,6043,55973.92914,4862.42534170897,45038.7310152835,1196,11078.076990144,293,10.7960975633593,0.0519428486581313,0.190137050157572,7973.17444762504,9.31322574615479e-10,"NF_IPP"
1943,6834,57678.71886,5460.47085216773,46086.1813177359,1142,9638.43970414399,351,11.8483907671177,0.0529251324743853,0.190746701961391,8590.98940169154,9.31322574615479e-10,"NF_IPP"
1944,7498,59225.65768,5901.44680698744,46614.7063760159,1237,9770.89071087756,573,12.6600535877747,0.0784699674702526,0.200545269500139,9242.3656525976,9.31322574615479e-10,"NF_IPP"
1945,8050,61845.98262,6237.39694861405,47920.241400997,1433,11009.353179436,881,13.0162051906614,0.114282999377558,0.208170745004364,9703.81815445489,9.31322574615479e-10,"NF_IPP"
1946,9122,66392.08854,7046.68041120713,51287.4183045327,1837,13370.1235088774,765,13.7395888585493,0.0900277101318086,0.208741573767064,10002.9466053417,9.31322574615479e-10,"NF_IPP"
1947,10596,70306.79086,8197.65330644679,54393.2329708514,2020,13403.1443504341,546,15.0710903888353,0.0545671959757645,0.200776916142907,10297.3296841154,9.31322574615479e-10,"NF_IPP"
1948,11341,73274.38778,8821.28928214934,56994.4953337244,2075,13406.6091741028,1330,15.4774408133581,0.122223640124266,0.198652409887463,10805.3468112298,9.31322574615479e-10,"NF_IPP"
1949,11655,75515.87056,9072.3609839314,58782.2597800221,2035,13185.3107326984,1721,15.4338418051338,0.152178965449108,0.199976264719316,11397.5462864007,9.31322574615479e-10,"NF_IPP"
1950,12817,78483.46748,9898.6660120833,60613.3753651183,2256,13814.3639412405,1094,16.3308278947616,0.0887096542713573,0.203858245684815,11983.2483561444,9.31322574615479e-10,"NF_IPP"
1951,13607,80693.38008,10470.3969535977,62092.4319074839,2354,13959.8895207114,1564,16.8625976337959,0.118177306992798,0.20590889227278,12480.8329783457,9.31322574615479e-10,"NF_IPP"
1952,14631,85649.89834,11374.2057775226,66584.6195436437,2977,17427.3629525104,1953,17.0823320092221,0.14168281509163,0.208321286813564,12935.1753163507,9.31322574615479e-10,"NF_IPP"
1953,16229,92879.46956,12965.4267968855,74201.8586181365,3660,20946.3835473289,2062,17.4731833384514,0.13778114048977,0.200183534338577,13329.1444728361,9.31322574615479e-10,"NF_IPP"
1954,17682,99730.19862,14552.447648465,82078.8651955984,3880,21884.0159849338,2427,17.7298353404202,0.14738230607951,0.188768983261672,14007.0094074719,9.31322574615479e-10,"NF_IPP"
1955,19561,107022.9102,16548.7533077774,90542.1879852878,4315,23608.3971940596,2436,18.2773949647278,0.133639949600279,0.184518564776433,15145.0744043702,9.31322574615479e-10,"NF_IPP"
1956,22101,116557.10456,19243.8874880182,101489.15461209,5215,27503.0677471789,2675,18.9615211217117,0.131817738328956,0.182855103115759,16556.1011203763,9.31322574615479e-10,"NF_IPP"
1957,24419,125081.05316,21836.5683099157,111853.104615444,5572,28541.366485422,3254,19.5225410908269,0.143002112318893,0.179106984894548,18177.4164820682,9.31322574615479e-10,"NF_IPP"
1958,26398,133068.3087,24160.7403875224,121790.622786097,5970,30093.8632827866,3991,19.8379315540215,0.160839906148336,0.180203716127794,20156.345112134,9.31322574615479e-10,"NF_IPP"
1959,28975,141844.81874,26938.1480408089,131873.57121794,6612,32368.5225714885,4035,20.4272530060551,0.148442730418602,0.182982676579177,22285.5741396449,9.31322574615479e-10,"NF_IPP"
1960,31150,150558.18842,29346.563008321,141841.584683345,7123,34427.8001963294,4948,20.6896750863549,0.168601930808009,0.185479065327664,24459.7867309248,9.31322574615479e-10,"NF_IPP"
1961,33666,160818.49692,32064.7808475721,153169.662566855,7955,38000.0933582427,5439,20.9341590953604,0.172567559775251,0.188040873445377,26672.0154747326,9.31322574615479e-10,"NF_IPP"
1962,35890,170573.68254,34516.7751470135,164047.184347485,8368,39770.4256198027,6144,21.0407604887018,0.181574047910429,0.188633332181963,28892.9038391728,9.31322574615479e-10,"NF_IPP"
1963,38893,181749.52626,37625.3020187652,175825.490892963,9208,43029.5847016707,6205,21.3992304686187,0.169993221482827,0.190501764967796,31251.2781561934,9.31322574615479e-10,"NF_IPP"
1964,41901,192230.82602,40761.1385270041,187001.439788111,9769,44817.6162714346,6761,21.7972324561725,0.170661788513075,0.19133555211722,33641.6673762862,9.31322574615479e-10,"NF_IPP"
1965,45810,205490.30162,44723.9111692837,200618.423833272,11092,49755.477528248,7183,22.2930229012528,0.167615382378873,0.193252487916856,36138.4934830866,9.31322574615479e-10,"NF_IPP"
1966,50490,221748.94432,49637.303329584,218003.953500235,12755,56019.1678510913,8075,22.7689922740463,0.172586726588877,0.192572733081762,38633.6381841285,9.31322574615479e-10,"NF_IPP"
1967,56339,238197.0081,55727.5480217405,235611.835629452,13950,58979.5392711088,8101,23.6522702150599,0.154455806416098,0.18977480214297,41371.6571418923,9.31322574615479e-10,"NF_IPP"
1968,62839,255118.62458,62571.1177723813,254031.055626651,15527,63037.7135831834,9027,24.6312867606006,0.153857984827077,0.189372887260876,44618.4935859842,9.31322574615479e-10,"NF_IPP"
1969,70510,271345.6971,70589.7669677946,271652.666657251,17096,65791.0372659424,9425,25.9853024218087,0.142171131040942,0.189620226222012,48169.4262353419,9.31322574615479e-10,"NF_IPP"
1970,77531,283373.93568,77993.039518468,285062.678979944,17888,65380.20870934,10867,27.3599616047793,0.146376461519204,0.191311195381044,51970.1963866471,9.31322574615479e-10,"NF_IPP"
1971,82507,292466.14752,83282.1233125717,295213.760802277,18614,65981.8545085542,13638,28.2107863421553,0.170598650874478,0.195854374504597,55830.7726862218,9.31322574615479e-10,"NF_IPP"
1972,88668,303326.28944,89469.2976461769,306067.465983419,20507,70152.8422604105,14346,29.2318876031809,0.167802474901425,0.200868472113618,59299.1370792683,9.31322574615479e-10,"NF_IPP"
1973,98449,314659.98406,98902.4780048067,316109.377977298,22606,72252.6749856307,12825,31.2874229286262,0.135138012852447,0.203258333230106,62210.7629917518,9.31322574615479e-10,"NF_IPP"
1974,111927,325046.57328,111932.969962018,325063.91061323,25427,73842.4081659524,11949,34.4341424278251,0.11028101975577,0.205270327458239,64887.8755300201,9.31322574615479e-10,"NF_IPP"
1975,121477,333349.53062,121619.26956401,333739.937794892,27706,76029.0597838086,18156,36.441329248031,0.153278193059386,0.207199354967107,67353.0326021466,9.31322574615479e-10,"NF_IPP"
1976,132936,347271.98,133187.821539786,347929.819597463,32071,83779.8615166697,20612,38.2800823723238,0.161527853619374,0.208515589035878,69589.9797140992,9.31322574615479e-10,"NF_IPP"
1977,145834,363214.9209,146600.182654604,365123.179415072,35682,88869.775275682,22784,40.1508835701579,0.163404917421676,0.206008256323067,71676.4154580724,9.31322574615479e-10,"NF_IPP"
1978,163161,381336.20422,164637.199493841,384786.34433714,40190,93931.1603116051,22863,42.7866534030609,0.147116443091896,0.203405315182986,74267.9953895368,9.31322574615479e-10,"NF_IPP"
1979,186843,405392.68138,189525.676017005,411213.275267957,47870,103863.391497999,24188,46.0893865582295,0.137622991178547,0.201245344869448,77436.4605671821,9.31322574615479e-10,"NF_IPP"
1980,213843,428659.90404,218780.658055281,438557.707700437,54131,108508.528526018,27131,49.8864013136264,0.134155264925299,0.197377130007899,81164.0960935377,9.31322574615479e-10,"NF_IPP"
1981,244921,457609.7591,253270.530070038,473209.999356852,64512,120534.052935678,33434,53.5218043604875,0.145728578796068,0.195827732066509,85881.7612792638,9.31322574615479e-10,"NF_IPP"
1982,274065,487222.58794,287263.478008641,510686.352420102,72394,128699.36705281,43250,56.250470890268,0.168021428081417,0.192774907786274,91223.0139895599,9.31322574615479e-10,"NF_IPP"
1983,304060,519676.73298,322717.053815709,551563.981463785,81045,138516.085063356,51050,58.5094503377934,0.179078032403981,0.191190650693859,97638.4560196724,9.31322574615479e-10,"NF_IPP"
1984,338455,561633.5022,363888.229443688,603837.498963867,94731,157196.978318855,60336,60.2626087429298,0.19266166709902,0.190228993090374,104923.460818774,9.31322574615479e-10,"NF_IPP"
1985,372617,606115.88582,406710.492248794,661573.922503981,104979,170763.651624853,70817,61.4761976574653,0.205105601148161,0.18718153191659,113027.228084739,9.31322574615479e-10,"NF_IPP"
1986,406407,650566.69926,449749.160668161,719947.803435572,113122,181083.018141148,79332,62.469689958351,0.209518987172832,0.185480613784046,122709.137209557,9.31322574615479e-10,"NF_IPP"
1987,448725,691513.22272,500464.622873998,771247.209807673,120116,185106.250510303,77798,64.8902993112675,0.184287902009112,0.185856312776675,133806.844138202,9.31322574615479e-10,"NF_IPP"
1988,491455,734259.24644,551321.381212391,823702.723372985,132674,198221.833661638,89944,66.9320818747305,0.194328892310864,0.189000774644846,145766.320096326,9.31322574615479e-10,"NF_IPP"
1989,540545,785939.6311,608299.308160652,884452.790894686,150117,218266.563564252,101027,68.7769109242467,0.200053137387311,0.191229786636538,157516.496042552,9.31322574615479e-10,"NF_IPP"
1990,592259,839766.788,668832.574461977,948340.815024686,164426,233140.38939668,112712,70.526604345777,0.203342422479253,0.191363933732934,169252.365266679,9.31322574615479e-10,"NF_IPP"
1991,643633,893499.23436,731306.711721994,1015208.9575984,179129,248669.077489303,127755,72.0350925046986,0.211190847691434,0.191704218605055,181800.934915589,9.31322574615479e-10,"NF_IPP"
1992,691729,946505.56658,787013.516194475,1076885.12994506,187667,256788.222213278,139571,73.082401670327,0.213741175997325,0.192189054683063,195112.049866614,9.31322574615479e-10,"NF_IPP"
1993,736643,995565.6263,838976.15960404,1133867.86514901,196912,266124.593060663,151998,73.9924099968898,0.217033876800388,0.194209997000684,209141.857856713,9.31322574615479e-10,"NF_IPP"
1994,791165,1041342.3873,897706.136092765,1181573.31385071,205705,270751.784747235,151183,75.9754917929864,0.199875491937287,0.196712811872682,223046.336045538,9.31322574615479e-10,"NF_IPP"
1995,850989,1092675.49998,962962.380420915,1236450.06044538,226849,291275.615190047,167025,77.8812190824793,0.205946868621943,0.200071265848889,236398.868595379,9.31322574615479e-10,"NF_IPP"
1996,912118,1159572.7114,1030431.31226275,1309984.04885331,253303,322023.297989684,192174,78.6598365960822,0.223588974752835,0.200969952229407,248489.309581755,9.31322574615479e-10,"NF_IPP"
1997,993809,1244212.36398,1126134.13290056,1409878.5698809,287964,360520.350672148,206273,79.8745478481658,0.222708086142468,0.198953437542002,260625.829644556,9.31322574615479e-10,"NF_IPP"
1998,1082651,1338638.77236,1236219.1792791,1528517.43037975,318126,393345.406872388,229284,80.8770089701871,0.227852687468654,0.194844117956021,274706.546373541,9.31322574615479e-10,"NF_IPP"
1999,1206775,1449923.65686,1393861.87094358,1674705.97342192,365127,438695.096483041,241003,83.2302441780576,0.216310638960486,0.191366187671279,292506.553440871,9.31322574615479e-10,"NF_IPP"
2000,1335108,1567806.70898,1569921.68077769,1843546.54731784,411339,483032.117150915,283006,85.1576914649516,0.229206340659361,0.187609973476721,314191.543254992,9.31322574615479e-10,"NF_IPP"
2001,1395240,1658697.2572,1679158.6585008,1996227.07294724,415040,493410.244566016,354908,84.1166158528088,0.269117214121162,0.184822954121958,340729.718936619,9.31322574615479e-10,"NF_IPP"
2002,1444022,1724836.7843,1765863.67471775,2109266.07919571,406222,485218.81812875,357440,83.7193416295349,0.257400994511219,0.186441621258443,372179.81188028,9.31322574615479e-10,"NF_IPP"
2003,1521620,1790092.34636,1867464.5690592,2196957.21150573,418656,492523.035552695,341058,85.0023186286498,0.232621291873148,0.191930220295885,404831.903242669,9.31322574615479e-10,"NF_IPP"
2004,1590638,1857652.53156,1947180.14165725,2274046.08688649,437819,511314.059965289,368801,85.6262391903954,0.240607845656403,0.197648448640893,434225.18458453,9.31322574615479e-10,"NF_IPP"
2005,1695424,1938787.89416,2060211.45959157,2355937.5337767,473134,541048.417101266,368348,87.4476266902089,0.226749221708107,0.201911901811853,459156.970211055,9.31322574615479e-10,"NF_IPP"
2006,1797218,2028036.79302,2168335.88676046,2446817.78057857,506332,571360.806247992,404538,88.6186091980963,0.235452927106298,0.203944524231883,480480.559446125,9.31322574615479e-10,"NF_IPP"
2007,1924349,2128019.55308,2305021.6004768,2548982.03812635,544828,602491.874948604,417697,90.4291033047503,0.227759920154112,0.204480947200949,500327.61740083,9.31322574615479e-10,"NF_IPP"
2008,2028089,2223740.33884,2424498.68930521,2658391.98224176,574326,629731.680337807,470586,91.2017003324201,0.24247136277765,0.204129228232954,520321.736222394,9.31322574615479e-10,"NF_IPP"
2009,2084458,2292689.61196,2488975.35657909,2737617.13810176,564415,620798.5036563,508046,90.9175838336885,0.251287610374708,0.203722156632298,541573.3477963,9.31322574615479e-10,"NF_IPP"
2010,2172268,2360944.34112,2577855.37133246,2801759.75117857,578171,628389.107904592,490361,92.008437563145,0.232457200364482,0.206108621609165,564246.494827781,9.31322574615479e-10,"NF_IPP"
2011,2288911,2447699.19576,2695664.86546735,2882670.72124819,622251,665418.302529393,505608,93.5127569582464,0.229011518838275,0.208621503758091,584507.332459769,9.31322574615479e-10,"NF_IPP"
2012,2392601,2537863.62984,2805932.89322592,2976290.2537823,655691,695500.144534513,552001,94.2761845777679,0.239210270041241,0.208792703087431,601880.612000405,9.31322574615479e-10,"NF_IPP"
2013,2536150,2637246.55648,2960993.85805057,3079025.63172616,694567,722253.979060641,551018,96.1665868429482,0.22577367484515,0.208151271647479,619518.601116785,9.31322574615479e-10,"NF_IPP"
2014,2664346,2747426.48468,3107979.68831592,3204893.69981475,741395,764513.414777708,613199,96.9760615927936,0.239765206921683,0.207418002665693,638645.346689112,9.31322574615479e-10,"NF_IPP"
2015,2761618,2859090.21134,3237376.04522583,3351640.29251394,778772,806259.01267506,681500,96.5907962276462,0.25680533019785,0.205782931276002,659512.419975872,9.31322574615479e-10,"NF_IPP"
2016,2935578,3004976.01312,3449149.48635962,3530688.49547715,842850,862775.24653005,668890,97.6905634914554,0.239482746352488,0.203997739582611,683727.043566844,9.31322574615479e-10,"NF_IPP"
2017,3157018,3157018,3724838.2900233,3724838.2900233,906028,906028,684588,100,0.227818124674216,0.201625888651965,711878.205453848,9.31322574615479e-10,"NF_IPP"
2018,3366870,3333242.74476,4001656.43579458,3961689.13015187,992217,982307.043775831,782365,101.008845074151,0.245342592467188,0.200131158886524,745456.20364726,9.31322574615479e-10,"NF_IPP"
2019,3594909,3530682.65048,4310923.60771999,4233904.99991005,1074887,1055683.15696628,846848,101.819091543423,0.24952226607422,0.197760920019,783467.287208106,9.31322574615479e-10,"NF_IPP"
2020,3944540,3716031.17726,4751314.05095022,4476068.47599075,1136206,1070385.11963115,786575,106.149270870986,0.209876803002878,0.195616492001604,828221.643550455,9.31322574615479e-10,"NF_IPP"
2021,4241707,3947314.31594,5127108.4306246,4771265.0844533,1263051,1175389.83575771,965884,107.458050220911,0.241883735367833,0.196644272092002,880193.227295159,9.31322574615479e-10,"NF_IPP"
2022,4649271,4232929.7344,5639429.95794668,5134420.1605066,1423690,1296198.85215724,1016126,109.835770771636,0.234370017388225,0.195554797226457,933043.77610394,9.31322574615479e-10,"NF_IPP"
2023,5029315,4512294.25722,6141851.61407937,5510460.52333324,1524507,1367785.50979441,1144463,111.458045803479,0.24257680578998,0.193156211600322,991745.146967769,9.31322574615479e-10,"NF_IPP"
2024,5423814,4761067.27562,6673310.85604025,5857885.6016694,1603882,1407900.43761751,1209383,113.920129374641,0.235269688126805,0.192447682873494,1060475.35928134,9.31322574615479e-10,"NF_IPP"
1925,3048,35658.99938,610.216489937556,7139.01228226676,375,4387.18004183071,375,8.54763188254107,0.123031496062992,0.0254290203670566,71.8022592003787,4.65661287307739e-10,"fin_corp"
1926,3187,36982.12304,909.838396132198,10557.8147198862,304,3527.63269663006,165,8.61767723976509,0.0536938527610378,0.0152444420471149,108.830259010657,4.65661287307739e-10,"fin_corp"
1927,3235,38501.26502,1194.198879195,14212.7256675344,320,3808.47134664606,272,8.40232132196055,0.0875342024347218,0.0145447143250744,153.560398997809,4.65661287307739e-10,"fin_corp"
1928,3342,40118.41616,1491.25358631865,17901.4757558421,325,3901.40193058049,218,8.33033883160157,0.0679702438488102,0.0149620732326236,212.651842272839,4.65661287307739e-10,"fin_corp"
1929,3416,42584.98002,1802.1054552209,22465.6395797761,389,4849.40199876464,315,8.02160761469344,0.0978825692849896,0.0159337799140684,285.238174830619,4.65661287307739e-10,"fin_corp"
1930,3385,44136.79172,2007.19111194624,26171.6325111393,313,4081.18635402068,344,7.66933859052137,0.105328059496674,0.0167007674687003,375.19342265747,4.65661287307739e-10,"fin_corp"
1931,2885,44479.82378,1872.72735536156,28872.9922892436,206,3176.02901167418,706,6.48608684753202,0.246615960704376,0.0181367835333872,474.669233569892,4.65661287307739e-10,"fin_corp"
1932,2624,44055.11742,1820.36718601311,30562.6867863271,135,2266.55520262957,396,5.95617524970837,0.149473657103446,0.0199792491116661,576.860705546011,4.65661287307739e-10,"fin_corp"
1933,2843,43254.70928,2071.38753262094,31515.042395264,107,1627.94720118185,-112,6.57269473618804,-0.038679263615557,0.0221051112740278,675.591592245021,4.65661287307739e-10,"fin_corp"
1934,2842,42764.66348,2172.37473135322,32688.5553619901,129,1941.11245211823,130,6.64567371453568,0.0452242049022964,0.0243566064663587,767.599485392055,4.65661287307739e-10,"fin_corp"
1935,2872,42503.30572,2296.81835854345,33991.0769068527,146,2160.68336877437,116,6.75712147878553,0.0401431273952984,0.0262526689971039,858.161823911833,4.65661287307739e-10,"fin_corp"
1936,3061,42617.64974,2549.30801648772,35493.471455749,176,2450.4104391506,-13,7.18247021756109,-0.00425840349481124,0.0278901398991314,948.015890254255,4.65661287307739e-10,"fin_corp"
1937,3314,43107.69554,2866.78276544268,37290.4039324146,218,2835.69029200966,-35,7.68772247851874,-0.0106826955483236,0.0292661656563835,1038.75781534407,4.65661287307739e-10,"fin_corp"
1938,3261,42764.66348,2921.21202570153,38308.6934170055,164,2150.69144762956,217,7.62545460348376,0.066014477015968,0.0303671144214749,1132.40196303865,4.65661287307739e-10,"fin_corp"
1939,3103,42601.31488,2877.59228964907,39506.6758709637,176,2416.31692519497,334,7.28381273850485,0.107226624866101,0.0318030807778991,1218.3344712368,4.65661287307739e-10,"fin_corp"
1940,3556,43026.02124,3383.34430341438,40936.9639653937,226,2734.49966260967,-227,8.26476605904265,-0.0644721700815006,0.0330124349727492,1304.21156817967,4.65661287307739e-10,"fin_corp"
1941,4279,44120.45686,4140.28905742268,42690.2184496255,305,3144.83275118018,-418,9.6984489838304,-0.100171184412654,0.0339931966651168,1391.57826694843,4.65661287307739e-10,"fin_corp"
1942,4124,43026.02124,4103.71423223298,42814.3782053702,154,1606.69429460718,309,9.58489742055452,0.0730686375093321,0.0347277337222311,1482.53453886247,4.65661287307739e-10,"fin_corp"
1943,4236,41572.2187,4312.24139811255,42320.4538454978,108,1059.91492436261,-4,10.1894970546761,-0.00091238062870733,0.0362924641059042,1553.839284235,4.65661287307739e-10,"fin_corp"
1944,4236,40118.41616,4397.33546135696,41646.3961364127,99,937.611709121813,99,10.5587418583675,0.0225538048832071,0.0380825173588807,1611.66941820688,4.65661287307739e-10,"fin_corp"
1945,4235,39170.99428,4453.18992029212,41189.1090662376,130,1202.41540883117,131,10.8115713625434,0.0302022082152375,0.0398522473245923,1659.70247900627,4.65661287307739e-10,"fin_corp"
1946,5394,40624.79682,5646.74644511625,42528.3513212653,404,3042.71744814238,-755,13.2776048675386,-0.145165233170764,0.0413574178158437,1703.47519311474,4.65661287307739e-10,"fin_corp"
1947,6465,41784.57188,6782.55808191501,43837.0124832255,476,3076.48201312916,-595,15.472217876413,-0.094661458454808,0.0415680551031607,1767.82085116893,4.65661287307739e-10,"fin_corp"
1948,6973,42928.01208,7363.98837951898,45335.0612523979,541,3330.56855518141,33,16.2434728796787,0.00486204635841563,0.041803026305916,1832.51978600904,4.65661287307739e-10,"fin_corp"
1949,6448,43989.77798,6923.59600775283,47234.4062041349,557,3799.98547376861,1082,14.6579507696802,0.171954372835394,0.0419242958876799,1900.64052203162,4.65661287307739e-10,"fin_corp"
1950,7163,45198.55762,7786.51206407761,49132.9211485463,614,3874.34236753874,-101,15.8478508544937,-0.0144876927939557,0.0418302585320597,1975.82742312729,4.65661287307739e-10,"fin_corp"
1951,8329,46848.37848,9140.11155954565,51410.6622272803,770,4331.04231355505,-396,17.7786302754443,-0.0492801829774034,0.0417907420691149,2053.30123482106,4.65661287307739e-10,"fin_corp"
1952,8705,48106.1627,9660.00217444157,53383.7606302171,744,4111.54337148765,368,18.0953946675942,0.0434095411588749,0.0415953593263788,2138.44496855082,4.65661287307739e-10,"fin_corp"
1953,8904,50458.38254,10004.0728630255,56692.4231222566,976,5530.9278255885,777,17.6462255660722,0.0915310567959765,0.041628115129288,2222.26533354903,4.65661287307739e-10,"fin_corp"
1954,8891,52777.93266,10158.3600414025,60301.1182320525,1000,5936.10759869531,1013,16.8460558265451,0.119173003468976,0.0410533253073413,2327.41248889944,4.65661287307739e-10,"fin_corp"
1955,9926,56485.94588,11443.2120071039,65119.9530653475,1276,7261.3406148378,241,17.572512676139,0.0259854835407519,0.0405051490445572,2442.50578154275,4.65661287307739e-10,"fin_corp"
1956,11441,60177.62424,13298.9977323771,69950.3617085571,1409,7411.08928888733,-106,19.012049984511,-0.0098704399855845,0.0396296453575156,2580.68064567778,4.65661287307739e-10,"fin_corp"
1957,12194,63362.92194,14347.7150196918,74554.1370190336,1411,7331.89132830408,658,19.2446933106191,0.0568172043815002,0.0390007421147299,2728.11601782751,4.65661287307739e-10,"fin_corp"
1958,12587,65829.4858,15062.3000871512,78775.2021690996,1358,7102.28344453801,965,19.1206111471708,0.0796508376973398,0.038645988132576,2881.21829447202,4.65661287307739e-10,"fin_corp"
1959,13152,68802.43032,15958.8503693996,83485.9862019405,1481,7747.59727067518,916,19.1156038221761,0.0727925594537321,0.0385503706015941,3036.81323783429,4.65661287307739e-10,"fin_corp"
1960,13718,72690.127,16801.5236599633,89029.3693421955,1651,8748.46185136317,1085,18.8718888880191,0.0835623390539073,0.038390619275379,3205.07871110824,4.65661287307739e-10,"fin_corp"
1961,14559,76479.81452,17964.3409291726,94368.3949609977,1662,8730.64439399959,821,19.0363955396266,0.0593311832288765,0.0380955048907653,3391.61877519735,4.65661287307739e-10,"fin_corp"
1962,15620,81184.2542,19356.9743178293,100607.011751698,1890,9823.19080909091,829,19.2401841390569,0.0563376179565842,0.0379848997100338,3584.57401839035,4.65661287307739e-10,"fin_corp"
1963,16581,85398.64808,20667.5456368962,106445.959623825,1871,9636.38324333153,910,19.415998230402,0.0577311040721138,0.0377452356956714,3797.43537120504,4.65661287307739e-10,"fin_corp"
1964,18346,92161.28012,22855.2912281939,114813.741257264,2465,12382.9475360187,700,19.9064075239757,0.0411769479822149,0.03772022833717,4015.16590257985,4.65661287307739e-10,"fin_corp"
1965,20185,99904.00376,25174.8018903071,124600.619405821,2841,14061.2967392698,1002,20.2043954599563,0.0538112849618519,0.0372291551856557,4274.41859071239,4.65661287307739e-10,"fin_corp"
1966,22327,107516.04852,27902.4015737916,134364.489695539,2976,14330.9786534474,834,20.7662021692015,0.0402000024430266,0.036653978009966,4567.10836372911,4.65661287307739e-10,"fin_corp"
1967,24666,115683.47852,30929.0979962135,145057.392511471,3320,15570.7917249007,981,21.3219729520284,0.042792565558265,0.036303408140217,4877.88890896915,4.65661287307739e-10,"fin_corp"
1968,28497,127215.88968,35670.7679325165,159240.919328487,4346,19401.3494946584,515,22.4005036412367,0.0198736715073294,0.0359707463873592,5217.82267764174,4.65661287307739e-10,"fin_corp"
1969,32552,138062.23672,40867.3012960827,173329.780832125,4647,19709.2410308995,592,23.5777724404232,0.0197368379531156,0.0352948196416015,5620.37952726178,4.65661287307739e-10,"fin_corp"
1970,36504,147389.44178,46155.2798931773,186357.685148342,4725,19077.7753783284,773,24.7670386420809,0.0226063531187034,0.0349038176421131,6049.87106211193,4.65661287307739e-10,"fin_corp"
1971,41667,158399.13742,52909.508136876,201138.081700089,5596,21273.4675643152,433,26.3050674887949,0.0111681722084293,0.0348419814691248,6493.07101256751,4.65661287307739e-10,"fin_corp"
1972,46783,168477.74604,59819.0227085433,215423.853028898,5905,21265.4402318406,789,27.7680590461442,0.0179381919445609,0.0347008823194338,6979.66890303147,4.65661287307739e-10,"fin_corp"
1973,54324,183489.48238,69547.1151380051,234908.40434605,7985,26970.8327222646,444,29.606056595384,0.00890143164883322,0.0347514042658433,7486.28140511287,4.65661287307739e-10,"fin_corp"
1974,68067,202454.25484,86677.1930933764,257807.256663909,10415,30977.7287695741,-3328,33.6209283691239,-0.0539463965790452,0.0343916024384288,8078.87645171503,4.65661287307739e-10,"fin_corp"
1975,77233,219589.52298,99156.4820877911,281922.553856939,11559,32864.6471861228,2393,35.1715322989405,0.0336065941105921,0.0339375629154586,8749.3499930932,4.65661287307739e-10,"fin_corp"
1976,87181,236790.13056,113042.672448641,307032.37136492,12735,34589.2145385073,2787,36.8178351833415,0.0344720494581065,0.0336241173359121,9479.39703052572,4.65661287307739e-10,"fin_corp"
1977,99426,253566.03178,130502.636299769,332820.747323246,14138,36056.1277463203,1893,39.2110880554634,0.0203881642382241,0.0334419193075606,10267.7517879947,4.65661287307739e-10,"fin_corp"
1978,116204,277202.5742,153275.415193957,365635.775475359,18414,43926.2693308217,1636,41.9202456309657,0.0153910555790552,0.0333850616828186,11111.2411787083,4.65661287307739e-10,"fin_corp"
1979,140365,305412.87742,185674.607807506,403999.688200908,23185,50447.0314037167,-976,45.9590968088002,-0.00766092257871089,0.0330468720202742,12083.1186781679,4.65661287307739e-10,"fin_corp"
1980,168440,337233.1847,223423.298103083,447315.069790312,28220,56499.1716470791,145,49.9476349428194,0.000950529781851379,0.0326331688927424,13183.7900576755,4.65661287307739e-10,"fin_corp"
1981,197288,371340.37238,263197.746959299,495397.334685552,33206,62501.1577250024,4358,53.1286158667691,0.0243236317892762,0.0322343104526333,14418.8928297622,4.65661287307739e-10,"fin_corp"
1982,223522,405235.20688,301387.883671118,546402.507988435,36847,66801.9329994692,10613,55.1585835102897,0.0518146884058794,0.0318870502333505,15796.7596965862,4.65661287307739e-10,"fin_corp"
1983,246277,441449.5915,336118.378181251,602489.557464789,40945,73393.5914598907,18190,55.7882496081096,0.0804605123713892,0.031673613738067,17306.5419835368,4.65661287307739e-10,"fin_corp"
1984,278148,489425.07532,382390.99761936,672849.500307553,50771,89335.8949159143,18900,56.8315793419736,0.0753339882000275,0.0314959020252552,18975.9520731503,4.65661287307739e-10,"fin_corp"
1985,314521,544228.53062,435550.330061402,753650.522986932,58784,101716.355804433,22411,57.7920822419378,0.0792331052689738,0.0310847122803741,20915.3331250538,4.65661287307739e-10,"fin_corp"
1986,357082,600845.15538,498795.908152265,839300.510629647,64641,108768.382861412,22080,59.4299540909448,0.0682672437477292,0.0306752194997113,23118.3952186963,4.65661287307739e-10,"fin_corp"
1987,397253,653247.38626,562153.814957273,924412.176363492,67295,110660.669292281,27124,60.8120305347672,0.0742337956436448,0.0304408292796941,25549.0035584372,4.65661287307739e-10,"fin_corp"
1988,442844,707511.79118,635436.120814727,1015207.49523105,74454,118951.781892756,28863,62.5917483666834,0.0705905727809631,0.0304587755820827,28156.4630252002,4.65661287307739e-10,"fin_corp"
1989,491926,767150.36504,715296.860834966,1115493.48459222,84183,131281.979769645,35101,64.1238044609873,0.0773689185074263,0.0305316800300248,30995.9904084772,4.65661287307739e-10,"fin_corp"
1990,535352,815272.8626,792596.249752197,1207023.06785348,82506,125646.122180688,39080,65.6653771465789,0.0775778279756221,0.0305842565560947,34116.5389194204,4.65661287307739e-10,"fin_corp"
1991,556822,846129.41314,845403.900014318,1284649.50340572,75658,114967.546431977,54188,65.8081365985877,0.100999806555262,0.0309365345818462,37341.1108797353,4.65661287307739e-10,"fin_corp"
1992,581538,874192.70262,903495.400990944,1358172.78732777,75898,114093.107833801,51182,66.5228614076852,0.0909304915046857,0.0315804612886276,40569.8239117592,4.65661287307739e-10,"fin_corp"
1993,614278,906666.4043,972829.893528207,1435884.374112,82360,121562.297621188,49620,67.7512696055236,0.0837784160423379,0.0322865479606834,43850.710836953,4.65661287307739e-10,"fin_corp"
1994,656067,943909.8851,1055244.67687188,1518222.80605262,90075,129594.51229887,48286,69.50525790187,0.0766224522659661,0.0329107839114634,47256.080358247,4.65661287307739e-10,"fin_corp"
1995,687683,976301.91248,1125088.62549159,1597285.63419037,91472,129862.579907269,59856,70.4375348659462,0.0900270476743458,0.0334600109858751,50799.7517695268,4.65661287307739e-10,"fin_corp"
1996,721689,1020259.02074,1193368.46869575,1687077.04461828,101993,144188.533152556,67987,70.735860730401,0.0984469113727435,0.0340559769400407,54397.1227246453,4.65661287307739e-10,"fin_corp"
1997,762177,1067025.72492,1270983.85213261,1779340.5812343,107475,150461.887180769,66987,71.4300491731016,0.0919176973064467,0.0344965576707948,58198.3505647484,4.65661287307739e-10,"fin_corp"
1998,821761,1136187.52216,1370982.3417016,1895554.82645569,128992,178347.598460456,69408,72.3261771470395,0.0899371517492448,0.0349193144327417,62133.3532390577,4.65661287307739e-10,"fin_corp"
1999,888872,1209139.00692,1486556.75974104,2022173.90603315,141943,193086.088952341,74832,73.5128049722086,0.0895930544446979,0.0350646725946541,66467.0093748852,4.65661287307739e-10,"fin_corp"
2000,949990,1269332.96602,1604364.39888522,2143677.95557203,144149,192605.267127882,83031,74.8416708169724,0.0917530611020463,0.035160782847052,71101.2175890065,4.65661287307739e-10,"fin_corp"
2001,987710,1310300.7949,1697638.55454973,2252095.39994472,138913,184282.648066683,101193,75.3804014959314,0.105758788143498,0.0353902056494971,75865.2036939876,4.65661287307739e-10,"fin_corp"
2002,1019814,1343770.92304,1782908.00121431,2349271.46566645,134940,177805.411923172,102836,75.8919531978624,0.103413786681909,0.0358019230461677,80629.3462014492,4.65661287307739e-10,"fin_corp"
2003,1045830,1368697.9194,1863089.55245558,2438261.27965523,133222,174350.204352817,107206,76.4105786365529,0.104409583726748,0.0363348346972817,85360.3903640309,4.65661287307739e-10,"fin_corp"
2004,1129053,1398999.0847,2041497.88123836,2529601.06148202,146389,181389.250115051,63166,80.704341578759,0.0571845713735235,0.0369318370593158,90049.468288266,4.65661287307739e-10,"fin_corp"
2005,1211856,1424791.82864,2222404.85908205,2612904.73715518,151486,178103.681422016,68683,85.054951582418,0.0577207844059992,0.0374762673815886,94800.0057488503,4.65661287307739e-10,"fin_corp"
2006,1295023,1454194.57664,2398764.37807366,2693597.06293397,160450,180170.946633294,77283,89.0543136938541,0.0609084567102051,0.0380720427499442,99478.6208545038,4.65661287307739e-10,"fin_corp"
2007,1356196,1492271.1353,2529339.51942472,2783123.0561151,175994,193652.51496538,114821,90.8813397189617,0.0868808545139125,0.0386570520205535,104126.521784249,4.65661287307739e-10,"fin_corp"
2008,1420822,1505028.66096,2684984.17963719,2844112.87591137,160375,169879.810068721,95749,94.404979576516,0.0679659834938076,0.0391251080447915,108889.990272454,4.65661287307739e-10,"fin_corp"
2009,1358948,1485916.87476,2628743.23994371,2874351.29206094,131255,143518.382893697,193129,91.4551831992279,0.140311865007115,0.039829631131579,113279.966744124,4.65661287307739e-10,"fin_corp"
2010,1349701,1475593.24324,2659719.67937299,2907802.83025296,137760,150609.449936499,147007,91.4683640754836,0.10816147183944,0.0407597749335927,117157.911744485,4.65661287307739e-10,"fin_corp"
2011,1386236,1476655.00914,2768361.56608308,2948931.47607422,152113,162034.764214256,115578,93.8767681970171,0.0834354066463363,0.0415798888202024,120906.118392988,4.65661287307739e-10,"fin_corp"
2012,1412383,1491127.6951,2847630.7597308,3006394.93059124,172464,182079.398298993,146317,94.7191179294193,0.104611179791514,0.0422579991407152,124615.943781973,4.65661287307739e-10,"fin_corp"
2013,1449588,1506547.80294,2948791.25537827,3064660.43256347,179662,186721.600462894,142457,96.219183830155,0.0992904065713309,0.0427276194433317,128456.098490664,4.65661287307739e-10,"fin_corp"
2014,1489951,1528812.21712,3051057.27991617,3130635.60121693,193193,198231.900688052,152830,97.4580778015231,0.104089723591174,0.0431554278018243,132256.732034601,4.65661287307739e-10,"fin_corp"
2015,1532246,1561612.616,3149260.74001618,3209618.62695857,211067,215112.253529311,168772,98.1194685737606,0.112509984531492,0.0434829360960267,136129.227787662,4.65661287307739e-10,"fin_corp"
2016,1580842,1601600.35328,3257806.46467221,3300585.37458954,228154,231149.935921645,179558,98.7038993068722,0.116492278710918,0.0436759642137022,140183.188290675,4.65661287307739e-10,"fin_corp"
2017,1633486,1633486,3389417.99190212,3389417.99190212,233278,233278,180634,100,0.11278344165576,0.0437635650328822,144445.382687429,4.65661287307739e-10,"fin_corp"
2018,1716707,1669488.03144,3582410.6202341,3483874.44927083,250069,243190.714859419,166848,102.828350228978,0.0993328098038862,0.0438819460586015,148734.257490702,4.65661287307739e-10,"fin_corp"
2019,1800082,1720844.83128,3764415.06872215,3598710.62196226,280334,267994.077454276,196959,104.604550467288,0.112782558695531,0.0439619472495367,153157.904762853,4.65661287307739e-10,"fin_corp"
2020,1839922,1741100.05768,3897253.22828931,3687932.3257008,261208,247178.556409716,221368,105.675833613588,0.121729951005738,0.043892624126871,157956.852671167,4.65661287307739e-10,"fin_corp"
2021,2066406,1761698.31614,4412890.94672325,3762175.7535314,277668,236723.687429267,51184,117.296246529181,0.0250626147203683,0.0440572779674843,162480.259598671,4.65661287307739e-10,"fin_corp"
2022,2310716,1761665.64642,4994187.33940169,3807516.05459505,278261,212143.268336946,33951,131.166547108174,0.0146925759796964,0.0443368354380383,166802.967273299,4.65661287307739e-10,"fin_corp"
2023,2341371,1778049.511,5103527.17968314,3875645.51120297,314436,238784.36012097,283781,131.68199116588,0.122330132028392,0.0448205341923894,170654.903513049,4.65661287307739e-10,"fin_corp"
2024,2415243,1804724.33738,5297831.27548674,3958659.66207286,344971,257770.153723793,271099,133.82891503011,0.113928953585021,0.0450908119302313,174756.002853898,4.65661287307739e-10,"fin_corp"
