"year","gdp_nominal","gdp_real_2017","gdp_deflator","gnp_nominal","nfia","ME_K_net_cc","NRC_K_net_cc","RC_K_net_cc","IP_K_net_cc","NR_K_net_cc","TOTAL_PRODUCTIVE_K_net_cc","TOTAL_ALL_K_net_cc","ME_K_gross_cc","NRC_K_gross_cc","RC_K_gross_cc","IP_K_gross_cc","NR_K_gross_cc","TOTAL_PRODUCTIVE_K_gross_cc","TOTAL_ALL_K_gross_cc","ME_IG_cc","NRC_IG_cc","RC_IG_cc","IP_IG_cc","NR_IG_cc","TOTAL_PRODUCTIVE_IG_cc","TOTAL_ALL_IG_cc","ME_D_cc","NRC_D_cc","RC_D_cc","IP_D_cc","NR_D_cc","TOTAL_PRODUCTIVE_D_cc","TOTAL_ALL_D_cc","ME_K_net_real","NRC_K_net_real","RC_K_net_real","IP_K_net_real","NR_K_net_real","TOTAL_PRODUCTIVE_K_net_real","TOTAL_ALL_K_net_real","ME_K_gross_real","NRC_K_gross_real","RC_K_gross_real","IP_K_gross_real","NR_K_gross_real","TOTAL_PRODUCTIVE_K_gross_real","TOTAL_ALL_K_gross_real","ME_IG_real","NRC_IG_real","RC_IG_real","IP_IG_real","NR_IG_real","TOTAL_PRODUCTIVE_IG_real","TOTAL_ALL_IG_real","ME_D_real","NRC_D_real","RC_D_real","IP_D_real","NR_D_real","TOTAL_PRODUCTIVE_D_real","TOTAL_ALL_D_real","ME_p_K","NRC_p_K","RC_p_K","IP_p_K","NR_p_K","TOTAL_PRODUCTIVE_p_K","TOTAL_ALL_p_K","yk_ratio_real","iy_ratio_nom","dy_ratio_nom","ik_ratio_nom","dk_ratio_nom","yk_ratio_NR_real"
1925,93.1,1075.89260950761,8.65328,93.5,0.400000000000006,40,140,100,2.5,180,280,282.5,46.2,145.32,102.8,3,191.52,294.32,297.32,8.06,6.92,3.64,0.65,14.98,18.62,19.27,6.2,5.32,2.8,0.5,11.52,14.32,14.82,47,472.5,420,1.12,519.5,939.5,940.62,54.285,490.455,431.76,1.344,544.74,976.5,977.844,9.4705,23.355,15.288,0.2912,32.8255,48.1135,48.4047,7.285,17.955,11.76,0.224,25.24,37,37.224,0.851063829787234,0.296296296296296,0.238095238095238,2.23214285714286,0.346487006737247,0.298030867482704,0.300333822372478,1.14517574189208,0.2,0.153813104189044,0.0665,0.0511428571428571,2.07101561021677
1926,97,1114.3683088358,8.704483,97.4,0.400000000000006,41.87,144.75,105.74,2.62,186.62,292.36,294.98,48.36,150.25,108.7,3.14,198.61,307.31,310.45,8.36,10.25,8.7,0.64,18.61,27.31,27.95,6.49,5.5,2.96,0.52,11.99,14.95,15.47,49.35,488.7,443.1,1.12,538.05,981.15,982.27,56.9994267972295,507.268911917098,455.503782863628,1.34229007633588,564.268338714328,1019.77212157796,1021.11441165429,9.85349892524481,34.6056994818653,36.4570644978248,0.273587786259542,44.4591984071101,80.9162629049349,81.1898506911945,7.64942679722952,18.5689119170984,12.4037828636278,0.222290076335878,26.218338714328,38.6221215779557,38.8444116542916,0.848429584599797,0.296193984039288,0.238636876551569,2.33928571428571,0.346845088746399,0.297976863884218,0.300304396958067,1.13577771883586,0.281546391752577,0.154123711340206,0.0934122314954166,0.0511355862635107,2.07112407552421
1927,95.5,1121.32120052053,8.516739,96,0.5,43.82,149.67,111.8,2.74,193.49,305.29,308.03,50.61,155.36,114.93,3.29,205.97,320.9,324.19,8.74,10.6,9.2,0.67,19.34,28.54,29.21,6.79,5.69,3.13,0.55,12.48,15.61,16.16,51.7,504.9,470.4,1.12,556.6,1027,1028.12,59.7110223642173,524.094768490679,483.569516994633,1.34481751824818,583.805790854897,1067.37530784953,1068.72012536778,10.3116841624829,35.758268190018,38.7091234347048,0.273868613138686,46.0699523525009,84.7790757872058,85.0529444003444,8.01102236421725,19.1947684906795,13.1695169946333,0.224817518248175,27.2057908548968,40.37530784953,40.6001253677782,0.847582205029013,0.296434937611408,0.237670068027211,2.44642857142857,0.347628458498024,0.297263875365141,0.299605104462514,1.09184148054579,0.298848167539267,0.163455497382199,0.0934848832257853,0.0511317108323234,2.01459073036387
1928,97.4,1130.04248101175,8.619145,98,0.599999999999994,45.86,154.75,118.22,2.87,200.61,318.83,321.7,52.97,160.63,121.53,3.44,213.6,335.13,338.57,9.15,10.96,9.72,0.7,20.11,29.83,30.53,7.11,5.88,3.31,0.57,12.99,16.3,16.87,54.05,522.45,495.6,1.4,576.5,1072.1,1073.5,62.4297535979067,542.301411954766,509.47612925055,1.67804878048781,604.731165552672,1114.20729480322,1115.88534358371,10.7840710859137,37.0019515347334,40.7480290982913,0.341463414634146,47.7860226206471,88.5340517189384,88.8755151335726,8.37975359790667,19.8514119547658,13.8761292505498,0.278048780487805,28.2311655526724,42.1072948032222,42.3853435837101,0.848473635522664,0.296200593358216,0.238539144471348,2.05,0.347979184735473,0.297388303329913,0.299673963670238,1.05404578025534,0.306262833675565,0.16735112936345,0.0935608317912367,0.0511244236740583,1.96017776411405
1929,104.6,1163.68859915589,8.988659,104.4,-0.199999999999989,48,160,125,3,208,333,336,55.44,166.08,128.5,3.6,221.52,350.02,353.62,8.93,7.3,4.2,0.72,16.23,20.43,21.15,7.44,6.08,3.5,0.6,13.52,17.02,17.62,56.4,540,525,1.4,596.4,1121.4,1122.8,65.142,560.52,539.7,1.68,625.662,1165.362,1167.042,10.49275,24.6375,17.64,0.336,35.13025,52.77025,53.10625,8.742,20.52,14.7,0.28,29.262,43.962,44.242,0.851063829787234,0.296296296296296,0.238095238095238,2.14285714285714,0.348759221998659,0.296950240770465,0.29925187032419,1.0377105396432,0.195315487571702,0.162715105162524,0.0613513513513513,0.0511111111111111,1.95118812735729
1930,92.2,1067.59769213632,8.636212,91.8,-0.400000000000006,44.38,151.43,116.04,3.08,195.81,311.85,314.93,51.26,157.18,119.29,3.7,208.44,327.73,331.43,3.26,0.1,0.1,0.7,3.36,3.46,4.16,6.88,5.75,3.25,0.62,12.63,15.88,16.5,55.93,533.25,520.8,1.4,589.18,1109.98,1111.38,64.6005362776025,553.498216997953,535.386349534643,1.68181818181818,618.098753275555,1153.4851028102,1155.16692099202,4.10842271293375,0.352142904312224,0.448810754912099,0.318181818181818,4.46056561724598,4.90937637215808,5.2275581903399,8.67053627760252,20.2482169979529,14.5863495346432,0.281818181818182,28.9187532755554,43.5051028101986,43.7869209920168,0.793491864831039,0.283975621190811,0.222811059907834,2.2,0.332343256729692,0.280951008126273,0.283368424841188,0.961817052682319,0.037527114967462,0.172234273318872,0.0110950777617444,0.0509219175885843,1.81200599500377
1931,77.4,996.244390333186,7.769178,76.9,-0.5,41.04,143.32,107.72,3.16,184.36,292.08,295.24,47.4,148.77,110.74,3.79,196.17,306.91,310.7,3.02,0.1,0.1,0.71,3.12,3.22,3.93,6.36,5.45,3.02,0.63,11.81,14.83,15.46,55.46,526.5,516.6,1.4,581.96,1098.56,1099.96,64.0546783625731,546.521106614569,531.083215744523,1.67911392405063,610.575784977142,1141.65900072166,1143.33811464572,4.0811208576998,0.367359754395758,0.479576680282213,0.314556962025316,4.44848061209556,4.92805729237778,5.24261425440309,8.5946783625731,20.0211066145688,14.4832157445228,0.279113924050633,28.6157849771419,43.0990007216647,43.3781146457154,0.739992787594663,0.272212725546059,0.208517228029423,2.25714285714286,0.316791532064059,0.265875327701719,0.268409760354922,0.906863885753337,0.0416020671834625,0.191602067183463,0.0110243768830457,0.0507737606135305,1.71187777567734
1932,59.5,861.412110701446,6.907263,59,-0.5,37.95,135.65,100,3.24,173.6,273.6,276.84,43.83,140.8,102.8,3.89,184.63,287.43,291.32,2.79,0.1,0.1,0.73,2.89,2.99,3.72,5.88,5.15,2.8,0.65,11.03,13.83,14.48,54.99,521.1,512.4,1.4,576.09,1088.49,1089.89,63.5101897233202,540.88374493181,526.7472,1.68086419753086,604.39393465513,1131.14113465513,1132.82199885266,4.04274308300395,0.384150387025433,0.5124,0.315432098765432,4.42689347002939,4.93929347002939,5.25472556879482,8.52018972332016,19.7837449318098,14.3472,0.280864197530864,28.30393465513,42.65113465513,42.9319988526608,0.69012547735952,0.260314718863942,0.195160031225605,2.31428571428571,0.301341804231978,0.25135738500124,0.254007285138867,0.791382659189745,0.0502521008403361,0.232436974789916,0.0109283625730994,0.0505482456140351,1.49527350015006
1933,57.2,851.792308017629,6.715252,56.7,-0.5,35.09,128.38,92.83,3.33,163.47,256.3,259.63,40.53,133.26,95.43,4,173.79,269.22,273.22,2.58,0.1,0.1,0.76,2.68,2.78,3.54,5.44,4.88,2.6,0.67,10.32,12.92,13.59,54.52,514.35,510.3,1.68,568.87,1079.17,1080.85,62.9722314049587,533.901550085683,524.592577830443,2.01801801801802,596.873781490642,1121.46635932108,1123.4843773391,4.00859504132231,0.400646518149244,0.549714531940106,0.383423423423423,4.40924155947156,4.95895609141166,5.34237951483509,8.45223140495868,19.5515500856831,14.2925778304427,0.338018018018018,28.0037814906418,42.2963593210846,42.6343773391026,0.643617021276596,0.249596578205502,0.181912600431119,1.98214285714286,0.287359150596797,0.237497335915565,0.240209094693991,0.789303175604983,0.0486013986013986,0.225874125874126,0.0108466640655482,0.0504096761607491,1.49734088283374
1934,66.8,934.091980093214,7.15133,66.2,-0.599999999999994,32.44,121.51,86.18,3.42,153.95,240.13,243.55,37.47,126.13,88.59,4.1,163.6,252.19,256.29,2.39,0.1,0.1,0.77,2.49,2.59,3.36,5.03,4.62,2.41,0.68,9.65,12.06,12.74,54.05,507.6,506.1,1.68,561.65,1067.75,1069.43,62.4307490752158,526.899744876965,520.252947319564,2.0140350877193,589.330493952181,1109.58344127174,1111.59747635946,3.98210542540074,0.4177433956053,0.587259224878162,0.378245614035088,4.39984882100604,4.9871080458842,5.36535365991929,8.38074907521578,19.2997448769649,14.1529473195637,0.334035087719298,27.6804939521806,41.8334412717443,42.1674763594636,0.600185013876041,0.239381402679275,0.170282552855167,2.03571428571429,0.274103089112437,0.224893467571997,0.227738140878786,0.874822739492591,0.0387724550898204,0.180538922155689,0.0107858243451464,0.0502227959855078,1.66312112542191
1935,74.3,1022.01528208585,7.26995,73.7,-0.599999999999994,30,115,80,3.51,145,225,228.51,34.65,119.37,82.24,4.21,154.02,236.26,240.47,2.21,0.1,0.1,0.79,2.31,2.41,3.2,4.65,4.37,2.24,0.7,9.02,11.26,11.96,53.58,502.2,501.9,1.68,555.78,1057.68,1059.36,61.8849,521.2836,515.9532,2.01504273504273,583.1685,1099.1217,1101.13674273504,3.94706,0.436695652173913,0.627375,0.378119658119658,4.38375565217391,5.01113065217391,5.38925031029357,8.3049,19.0836,14.0532,0.335042735042735,27.3885,41.4417,41.7767427350427,0.559910414333707,0.228992433293509,0.159394301653716,2.08928571428571,0.260894598582173,0.212729748127978,0.215705709107386,0.9662802379603,0.0324360699865411,0.151547779273217,0.0107111111111111,0.0500444444444444,1.83888459837679
1936,84.9,1162.90664749766,7.300672,84.3,-0.600000000000009,30.76,115,80.98,3.6,145.76,226.74,230.34,35.53,119.37,83.25,4.32,154.9,238.15,242.47,5.53,4.37,3.25,0.81,9.9,13.15,13.96,4.77,4.37,2.27,0.72,9.14,11.41,12.13,53.58,495.45,497.7,1.68,549.03,1046.73,1048.41,61.8887321196359,514.2771,511.651333662633,2.016,576.165832119636,1087.81716578227,1089.83316578227,9.63255526657997,18.8271,19.9743763892319,0.378,28.45965526658,48.4340316558119,48.8120316558119,8.30873211963589,18.8271,13.9513336626327,0.336,27.1358321196359,41.0871657822686,41.4231657822686,0.574094811496827,0.232112221213039,0.162708458910991,2.14285714285714,0.265486403293081,0.216617465822132,0.219704123386843,1.11099008101197,0.154888103651355,0.134393404004711,0.0579959424891947,0.0503219546617271,2.1181113008354
1937,93,1213.97274800876,7.660798,92.4,-0.599999999999994,31.54,115,81.96,3.7,146.54,228.5,232.2,36.43,119.37,84.25,4.44,155.8,240.05,244.49,5.67,4.37,3.28,0.84,10.04,13.32,14.16,4.89,4.37,2.29,0.74,9.26,11.55,12.29,53.11,490.05,493.5,1.68,543.16,1036.66,1038.34,61.3442390615092,508.6719,507.288616398243,2.016,570.016139061509,1077.30475545975,1079.32075545975,9.547675967026,18.6219,19.7496339677892,0.381405405405405,28.169575967026,47.9192099348152,48.3006153402206,8.23423906150919,18.6219,13.788616398243,0.336,26.8561390615092,40.6447554597522,40.9807554597522,0.593861796271889,0.234669931639629,0.166079027355623,2.20238095238095,0.269791589955078,0.220419423919125,0.223626172544639,1.17104233597203,0.143225806451613,0.124193548387097,0.0582932166301969,0.05054704595186,2.23501868327705
1938,87.4,1165.80758385845,7.496949,86.8,-0.600000000000009,32.34,115,82.96,3.8,147.34,230.3,234.1,37.35,119.37,85.28,4.56,156.72,242,246.56,5.81,4.37,3.32,0.86,10.18,13.5,14.36,5.01,4.37,2.32,0.76,9.38,11.7,12.46,52.64,484.65,491.4,1.96,537.29,1028.69,1030.65,60.7948051948052,503.0667,505.142140790742,2.352,563.861505194805,1069.00364598555,1071.35564598555,9.4569696969697,18.4167,19.6654773384764,0.443578947368421,27.8736696969697,47.5391470354461,47.9827259828145,8.15480519480519,18.4167,13.7421407907425,0.392,26.5715051948052,40.3136459855477,40.7056459855477,0.61436170212766,0.237284638398845,0.168823768823769,1.93877551020408,0.274228070501964,0.223876969738211,0.227138213748605,1.13329339631808,0.154462242562929,0.133867276887872,0.0586191923577942,0.0508033000434216,2.16979207477982
1939,93.5,1266.49216617027,7.382596,92.9,-0.599999999999994,33.16,115,83.98,3.9,148.16,232.14,236.04,38.3,119.37,86.33,4.68,157.67,244,248.68,5.96,4.37,3.36,0.88,10.33,13.69,14.57,5.14,4.37,2.35,0.78,9.51,11.86,12.64,52.17,477.9,487.2,1.96,530.07,1017.27,1019.23,60.2566646562123,496.0602,500.833246010955,2.352,556.316864656212,1057.15011066717,1059.50211066717,9.37675512665863,18.1602,19.492641105025,0.44225641025641,27.5369551266586,47.0295962316836,47.47185264194,8.0866646562123,18.1602,13.633246010955,0.392,26.2468646562123,39.8801106671673,40.2721106671673,0.635614337741997,0.240636116342331,0.172372742200328,1.98979591836735,0.279510253362763,0.228199003214486,0.231586589876672,1.24499116868704,0.146417112299465,0.126844919786096,0.0589730335142586,0.0510898595675024,2.3892922937919
1940,102.9,1379.30960527617,7.460254,102.3,-0.600000000000009,34,115,85,4,149,234,238,39.27,119.37,87.38,4.8,158.64,246.02,250.82,6.11,4.37,3.4,0.9,10.48,13.88,14.78,5.27,4.37,2.38,0.8,9.64,12.02,12.82,51.7,472.5,483,1.96,524.2,1007.2,1009.16,59.7135,490.455,496.524,2.352,550.1685,1046.6925,1049.0445,9.29079411764706,17.955,19.32,0.441,27.2457941176471,46.5657941176471,47.0067941176471,8.0135,17.955,13.524,0.392,25.9685,39.4925,39.8845,0.657640232108317,0.243386243386243,0.175983436853002,2.04081632653061,0.284242655475009,0.232327243844321,0.235839708272226,1.36944956838381,0.13488824101069,0.116812439261419,0.0593162393162393,0.0513675213675214,2.6312659390999
1941,129.4,1621.73495812628,7.979109,128.8,-0.599999999999994,35.47,117.85,87.81,4.29,153.32,241.13,245.42,40.97,122.33,90.27,5.15,163.3,253.57,258.72,6.97,7.33,5.27,1.15,14.3,19.57,20.72,5.5,4.48,2.46,0.86,9.98,12.44,13.3,55.93,506.25,522.9,2.24,562.18,1085.08,1087.32,64.6025401747956,525.494802715316,537.549060471472,2.68904428904429,590.097342890112,1127.64640336158,1130.33544765063,10.9904736396955,31.4875901569792,31.3823368636829,0.6004662004662,42.4780637966747,73.8604006603577,74.4608668608239,8.6725401747956,19.2448027153161,14.6490604714725,0.449044289044289,27.9173428901117,42.5664033615842,43.0154476506285,0.634185589129269,0.23279012345679,0.167928858290304,1.91517857142857,0.272724038564161,0.222223246212261,0.225710922267594,1.49457639816998,0.151236476043277,0.0961360123647604,0.0811595404968274,0.0515904283996185,2.88472545826298
1942,166,1891.30251497661,8.77702,165.5,-0.5,37,120.78,90.71,4.59,157.78,248.49,253.08,42.73,125.37,93.25,5.51,168.1,261.35,266.86,7.26,7.52,5.44,1.23,14.78,20.22,21.45,5.73,4.59,2.54,0.92,10.32,12.86,13.78,61.1,542.7,564.9,2.24,603.8,1168.7,1170.94,70.5622432432432,563.324217585693,580.717947304597,2.68897603485839,633.886460828936,1214.60440813353,1217.29338416839,11.9888108108108,33.7895678092399,33.8778084003969,0.600261437908497,45.7783786200507,79.6561870204476,80.2564484583561,9.46224324324324,20.624217585693,15.8179473045971,0.448976034858388,30.0864608289362,45.9044081335333,46.3533841683917,0.60556464811784,0.222553897180763,0.160577093290848,2.04910714285714,0.261311692613448,0.212620860785488,0.216134046150956,1.61829598269582,0.121807228915663,0.0774698795180723,0.081371483761922,0.0517525856171274,3.13233275087216
1943,198.6,2123.56473595141,9.352199,198.1,-0.5,38.6,123.78,93.71,4.92,162.38,256.09,261.01,44.58,128.48,96.33,5.9,173.06,269.39,275.29,7.58,7.7,5.62,1.31,15.28,20.9,22.21,5.98,4.7,2.62,0.98,10.68,13.3,14.28,66.27,581.85,609,2.52,648.12,1257.12,1259.64,76.5366994818653,603.943189529811,626.026784761498,3.0219512195122,680.479889011676,1306.50667377317,1309.52862499269,13.0136424870466,36.1952253999031,36.5231031906947,0.670975609756097,49.2088678869497,85.7319710776444,86.4029466874005,10.2666994818653,22.093189529811,17.0267847614982,0.501951219512195,32.3598890116762,49.3866737731745,49.8886249926867,0.582465670740908,0.212735241041506,0.153875205254516,1.95238095238095,0.250540023452447,0.203711658393789,0.207209996506938,1.68922993505108,0.105236656596173,0.066968781470292,0.0816119333046976,0.0519348666484439,3.27649931486671
1944,219.8,2290.67808656887,9.595412,219.5,-0.300000000000011,40.26,126.85,96.8,5.28,167.11,263.91,269.19,46.5,131.67,99.51,6.34,178.17,277.68,284.02,7.91,7.89,5.81,1.41,15.8,21.61,23.02,6.24,4.82,2.71,1.06,11.06,13.77,14.83,71.91,623.7,659.4,2.52,695.61,1355.01,1357.53,83.0555141579732,647.399124950729,677.860475206612,3.02590909090909,730.454639108702,1408.31511431531,1411.34102340622,14.1283681073025,38.7937958218368,39.5776239669421,0.672954545454545,52.9221639291394,92.4997878960815,93.172742441536,11.1455141579732,23.6991249507292,18.4604752066116,0.505909090909091,34.8446391087024,53.305114315314,53.8110234062231,0.559866499791406,0.20338303671637,0.146800121322414,2.0952380952381,0.240235189258349,0.194766090287156,0.198293960354467,1.69052485706295,0.0983166515013649,0.0626478616924477,0.0818839755977416,0.0521768784813004,3.29304939056205
1945,228.2,2315.21241668101,9.856547,228,-0.199999999999989,42,130,100,5.66,172,272,277.66,48.51,134.94,102.8,6.79,183.45,286.25,293.04,8.25,8.09,6,1.51,16.34,22.34,23.85,6.51,4.94,2.8,1.13,11.45,14.25,15.38,78.02,668.25,711.9,2.8,746.27,1458.17,1460.97,90.1131,693.6435,731.8332,3.35901060070671,783.7566,1515.5898,1518.94881060071,15.3253571428571,41.5857115384615,42.714,0.746996466431095,56.9110686813187,99.6250686813187,100.37206514775,12.0931,25.3935,19.9332,0.559010600706714,37.4866,57.4198,57.9788106007067,0.53832350679313,0.19453797231575,0.14046916701784,2.02142857142857,0.230479585136747,0.186535177654183,0.190051814890107,1.58775205681163,0.0978965819456617,0.0624452234881683,0.0821323529411765,0.0523897058823529,3.10237905407026
1946,227.8,2086.27049018931,10.919006,228.1,0.299999999999983,46.78,143.09,114.87,6.06,189.87,304.74,310.8,54.03,148.53,118.09,7.27,202.56,320.65,327.92,12.03,18.53,18.09,1.62,30.56,48.65,50.27,7.25,5.44,3.22,1.21,12.69,15.91,17.12,84.6,716.85,768.6,3.08,801.45,1570.05,1573.13,97.7113723813596,744.103225242854,790.145155393053,3.69498349834983,841.814597624214,1631.95975301727,1635.65473651562,21.7558358272766,92.8312984834719,121.040950639854,0.823366336633663,114.587134310749,235.628084950602,236.451451287236,13.1113723813596,27.2532252428541,21.545155393053,0.614983498349835,40.3645976242137,61.9097530172667,62.5247365156166,0.552955082742317,0.199609402245937,0.149453551912568,1.96753246753247,0.236908104061389,0.194095729435368,0.197567906021753,1.328792388898,0.213564530289728,0.0698419666374012,0.159644286933123,0.0522084399816237,2.6031199578131
1947,249.9,2063.67379188787,12.109472,250.5,0.599999999999994,52.11,157.49,131.95,6.5,209.6,341.55,348.05,60.19,163.47,135.64,7.8,223.66,359.3,367.1,13.4,20.38,20.77,1.74,33.78,54.55,56.29,8.08,5.98,3.69,1.3,14.06,17.75,19.05,91.65,768.15,831.6,3.36,859.8,1691.4,1694.76,105.860938399539,797.317166169281,854.855809018568,4.032,903.17810456882,1758.03391358739,1762.06591358739,23.5676453655728,99.4024826973141,130.900583554377,0.899446153846154,122.970128062887,253.870711617264,254.77015777111,14.2109383995394,29.1671661692806,23.2558090185676,0.672,43.37810456882,66.6339135873877,67.3059135873877,0.568576104746317,0.205025060209594,0.158670033670034,1.93452380952381,0.243777622702954,0.201933309684285,0.205368311737355,1.22009802050838,0.21828731492597,0.0710284113645458,0.159713072756551,0.0519689650124433,2.40017886937412
1948,274.8,2122.2789476184,12.948345,275.5,0.699999999999989,58.04,173.34,151.57,6.96,231.38,382.95,389.91,67.04,179.93,155.81,8.35,246.97,402.78,411.13,14.93,22.44,23.86,1.86,37.37,61.23,63.09,9,6.59,4.24,1.39,15.59,19.83,21.22,99.64,822.15,898.8,3.64,921.79,1820.59,1824.23,115.09072363887,853.406308411215,923.942917463878,4.36695402298851,968.497032050085,1892.43994951396,1896.80690353695,25.6310337698139,106.432710280374,141.488210067955,0.972758620689655,132.063744050188,273.551954118143,274.524712738833,15.4507236388697,31.256308411215,25.1429174638781,0.726954022988506,46.7070320500847,71.8499495139628,72.5769035369513,0.582496989160979,0.210837438423645,0.16863595905652,1.91208791208791,0.251011618698402,0.210343899505105,0.213739495567993,1.16570943903811,0.222816593886463,0.0721615720524017,0.159890325107716,0.0517822169996083,2.30234537977023
1949,272.8,2120.24790112557,12.86642,273.6,0.800000000000011,64.64,190.79,174.11,7.46,255.43,429.54,437,74.66,198.04,178.99,8.95,272.7,451.69,460.64,16.63,24.7,27.42,1.99,41.33,68.75,70.74,10.02,7.25,4.88,1.49,17.27,22.15,23.64,108.1,881.55,972.3,3.92,989.65,1961.95,1965.87,124.856837871287,915.048807589496,999.551875251278,4.7029490616622,1039.90564546078,2039.45752071206,2044.16046977372,27.8109993811881,114.126972063525,153.124266268451,1.0456836461126,141.937971444713,295.062237713164,296.107921359277,16.7568378712871,33.4988075894963,27.2518752512779,0.782949061662199,50.2556454607834,77.5075207120614,78.2904697737236,0.597964847363552,0.216425613975384,0.179070245808907,1.9030612244898,0.258101348961754,0.218935242998038,0.222293437511127,1.08068396295806,0.252016129032258,0.0811950146627566,0.160054942496624,0.0515667923825488,2.14242196849954
1950,300.2,2312.80316057418,12.97992,301,0.800000000000011,72,210,200,8,282,482,490,83.16,217.98,205.6,9.6,301.14,506.74,516.34,18.52,27.19,31.49,2.14,45.71,77.2,79.34,11.16,7.98,5.6,1.6,19.14,24.74,26.34,117.5,945,1050,4.2,1062.5,2112.5,2116.7,135.7125,980.91,1079.4,5.04,1116.6225,2196.0225,2201.0625,30.2236111111111,122.355,165.3225,1.1235,152.578611111111,317.901111111111,319.024611111111,18.2125,35.91,29.4,0.84,54.1225,83.5225,84.3625,0.612765957446809,0.222222222222222,0.19047619047619,1.9047619047619,0.265411764705882,0.228165680473373,0.231492417442245,1.09481806417713,0.257161892071952,0.0824117255163224,0.160165975103734,0.0513278008298755,2.17675591583452
1951,347.3,2494.14489969272,13.924612,348.3,1,76.89,227.01,223.69,8.77,303.9,527.59,536.36,88.81,235.64,229.95,10.52,324.45,554.4,564.92,16.81,25.64,29.95,2.52,42.45,72.4,74.92,11.92,8.63,6.26,1.75,20.55,26.81,28.56,124.55,997.65,1113,4.76,1122.2,2235.2,2239.96,143.858570685395,1035.57660895996,1144.14748088873,5.70982896237172,1179.43517964535,2323.58266053408,2329.29248949645,27.2296202367018,112.681141799921,149.020295945281,1.36775370581528,139.910762036622,288.931057981904,290.298811687719,19.3085706853947,37.9266089599577,31.1474808887299,0.949828962371722,57.2351796453524,88.3826605340824,89.3324894964541,0.617342432757929,0.227544730115772,0.200979335130279,1.84243697478992,0.270807342719658,0.236037043664996,0.239450704476866,1.11584864875301,0.208465303771955,0.0771955082061618,0.137227771565041,0.0508159745256733,2.22254936704039
1952,367.7,2600.64301022201,14.138811,368.7,1,82.11,245.4,250.18,9.61,327.51,577.69,587.3,94.84,254.73,257.18,11.53,349.57,606.75,618.28,17.95,27.72,33.49,2.76,45.67,79.16,81.92,12.73,9.33,7,1.92,22.06,29.06,30.98,132.07,1053,1180.2,5.32,1185.07,2365.27,2370.59,152.545594933626,1093.03459657702,1213.22182428651,6.38289281997919,1245.58019151064,2458.80201579716,2465.18490861714,28.8717147728657,118.945232273839,157.985842193621,1.52790842872008,147.816947046704,305.802789240325,307.330697669045,20.4755949336256,40.0345965770171,33.0218242865137,1.06289281997919,60.5101915106427,93.5320157971564,94.5949086171356,0.621715756795639,0.233048433048433,0.211981020166074,1.80639097744361,0.276363421570034,0.244238501312747,0.247744232448462,1.09951211076199,0.215284199075333,0.0790318194180038,0.137028510100573,0.0503037961536464,2.19450581840905
1953,389.7,2720.7719312405,14.323141,390.9,1.19999999999999,87.69,265.28,279.8,10.53,352.97,632.77,643.3,101.28,275.36,287.63,12.64,376.64,664.27,676.91,19.17,29.96,37.46,3.03,49.13,86.59,89.62,13.59,10.08,7.83,2.11,23.67,31.5,33.61,140.06,1111.05,1251.6,6.16,1251.11,2502.71,2508.87,161.766185425932,1153.26721954162,1286.62511794139,7.39433998100665,1315.03340496755,2601.65852290894,2609.05286288994,30.6186589120766,125.478958082027,167.565889921372,1.77253561253561,156.097616994103,323.663506915476,325.436042528011,21.7061854259323,42.2172195416164,35.0251179413867,1.23433998100665,63.9234049675487,98.9485229089354,100.182862889942,0.626088819077538,0.238765132082264,0.22355385107063,1.70941558441558,0.282125472580349,0.252833928022024,0.256410256410256,1.08713032322582,0.222196561457531,0.0808314087759815,0.136842770674969,0.0497811211024543,2.17468642344838
1954,391.1,2703.48568545459,14.466509,392.6,1.5,93.64,286.77,312.94,11.54,380.41,693.35,704.89,108.15,297.67,321.7,13.85,405.82,727.52,741.37,20.46,32.39,41.9,3.32,52.85,94.75,98.07,14.51,10.9,8.76,2.31,25.41,34.17,36.48,148.52,1171.8,1329.3,6.72,1320.32,2649.62,2656.34,171.533938487826,1216.33959619207,1366.51054515243,8.06516464471404,1387.8735346799,2754.38407983232,2762.44924447704,32.4510807347287,132.352066115702,177.981945420847,1.93331022530329,164.803146850431,342.785092271279,344.718402496582,23.0139384878257,44.5395961920703,37.2105451524254,1.34516464471404,67.553534679896,104.764079832321,106.109244477035,0.63048747643415,0.244726062467998,0.235417136838938,1.7172619047619,0.288119546776539,0.261679033219858,0.265361361873857,1.02032958894279,0.242265405267195,0.087368959345436,0.136655368861325,0.0492824691714141,2.04759882865865
1955,426.2,2907.52408838,14.65852,428,1.80000000000001,100,310,350,12.65,410,760,772.65,115.5,321.78,359.8,15.18,437.28,797.08,812.26,21.86,35.01,46.86,3.64,56.87,103.73,107.37,15.5,11.78,9.8,2.53,27.28,37.08,39.61,157.45,1237.95,1409.1,7.56,1395.4,2804.5,2812.06,181.85475,1284.9921,1448.5548,9.072,1466.84685,2915.40165,2924.47365,34.41857,139.808482258064,188.65836,2.17536758893281,174.227052258064,362.885412258064,365.060779846997,24.40475,47.0421,39.4548,1.512,71.44685,110.90165,112.41365,0.635122261035249,0.250413990872006,0.248385494287134,1.67328042328042,0.293822559839473,0.270993046888929,0.274762985142565,1.03673527843822,0.243383388080713,0.0870014077897701,0.136486842105263,0.0487894736842105,2.08364919620181
1956,450.1,2984.22359466009,15.08265,452.3,2.19999999999999,105.39,330.97,375.88,13.86,436.36,812.24,826.1,121.73,343.55,386.4,16.63,465.28,851.68,868.31,21.73,33.55,36.4,3.98,55.28,91.68,95.66,16.34,12.58,10.52,2.77,28.92,39.44,42.21,167.32,1305.45,1493.1,8.68,1472.77,2965.87,2974.55,193.261823702439,1355.06948514971,1534.88836862829,10.4147474747475,1548.33130885215,3083.21967748044,3093.63442495518,34.4991327450422,132.331774783213,144.590933276578,2.49252525252525,166.830907528255,311.421840804833,313.914366057358,25.9418237024386,49.6194851497115,41.7883686282856,1.73474747474747,75.56130885215,117.349677480436,119.084424955183,0.629870906048291,0.253529434294688,0.251744692251021,1.59677419354839,0.296285231230946,0.273862306844197,0.277722680741625,1.00618826673458,0.203688069317929,0.0876249722283937,0.112873042450507,0.0485570767260908,2.02626587631476
1957,474.9,3045.93629830549,15.591265,477.5,2.60000000000002,111.07,353.35,403.67,15.19,464.42,868.09,883.28,128.29,366.78,414.97,18.23,495.07,910.04,928.27,22.9,35.81,39.09,4.37,58.71,97.8,102.17,17.22,13.43,11.3,3.04,30.65,41.95,44.99,177.19,1378.35,1585.5,9.8,1555.54,3141.04,3150.84,204.661070496084,1430.73783217773,1629.88315951148,11.7612903225806,1635.39890267381,3265.28206218529,3277.04335250787,36.5323759791123,139.687883118721,153.534310203879,2.81935483870968,176.220259097833,329.754569301713,332.573924140422,27.4710704960836,52.3878321777275,44.3831595114822,1.96129032258065,79.858902673811,124.242062185293,126.203352507874,0.62684124386252,0.256357238727464,0.254601072216966,1.55,0.298558699872713,0.276370246797239,0.280331594114585,0.969722225220147,0.205938092229943,0.0883343861865656,0.112661129606377,0.048324482484535,1.9581214872684
1958,482,3018.45030882441,15.968459,484.8,2.80000000000001,117.05,377.25,433.52,16.65,494.3,927.82,944.47,135.19,391.59,445.66,19.98,526.78,972.44,992.42,24.12,38.24,41.99,4.79,62.36,104.35,109.14,18.14,14.34,12.14,3.33,32.48,44.62,47.95,188,1453.95,1680,10.92,1641.95,3321.95,3332.87,217.135583084152,1509.21744333996,1727.04558036538,13.104,1726.35302642411,3453.39860678949,3466.50260678949,38.7403673643742,147.379848906561,162.721904410408,3.14154954954955,186.120216270935,348.842120681343,351.983670230892,29.1355830841521,55.2674433399602,47.0455803653811,2.184,84.4030264241123,131.448606789493,133.632606789493,0.622606382978723,0.259465593727432,0.258047619047619,1.52472527472527,0.301044489783489,0.279299808847213,0.283380389874193,0.908638091730583,0.21649377593361,0.0925726141078838,0.112467935590955,0.0480912245909767,1.83833265862201
1959,522.5,3220.78244856642,16.222766,525.3,2.79999999999995,123.35,402.76,465.57,18.25,526.11,991.68,1009.93,142.47,418.06,478.61,21.9,560.53,1039.14,1061.04,25.43,40.81,45.09,5.25,66.24,111.33,116.58,19.12,15.3,13.04,3.65,34.42,47.46,51.11,199.28,1534.95,1782.9,12.32,1734.23,3517.13,3529.45,230.169611674098,1593.25950193664,1832.83667117727,14.784,1823.42911361074,3656.265784788,3671.049784788,41.0838297527361,155.530115949945,172.672124492558,3.5441095890411,196.613945702682,369.286070195239,372.83017978428,30.8896116740981,58.3095019366372,49.9366711772666,2.464,89.1991136107353,139.135784788002,141.599784788002,0.618978321959052,0.262392911821232,0.26113074204947,1.48133116883117,0.303368065366186,0.281957163937642,0.286143733442888,0.91574165543111,0.213071770334928,0.0908325358851675,0.11226403678606,0.0478581800580833,1.85718298528247
1960,543.3,3296.4550639417,16.481341,546.4,3.10000000000002,130,430,500,20,560,1060,1080,150.15,446.34,514,24,596.49,1110.49,1134.49,26.8,43.58,48.43,5.75,70.38,118.81,124.56,20.15,16.34,14,4,36.49,50.49,54.49,211.5,1620,1890,14,1831.5,3721.5,3735.5,244.2825,1681.56,1942.92,16.8,1925.8425,3868.7625,3885.5625,43.6015384615385,164.18511627907,183.0654,4.025,207.786654740608,390.852054740608,394.877054740608,32.7825,61.56,52.92,2.8,94.3425,147.2625,150.0625,0.614657210401891,0.265432098765432,0.264550264550265,1.42857142857143,0.305760305760306,0.284831385194142,0.289117922634186,0.885786662351659,0.218682127737898,0.0929320817228051,0.112084905660377,0.0476320754716981,1.79986626477843
1961,563.3,3381.21395605214,16.659697,566.4,3.10000000000002,138.74,453.33,531.71,21.92,592.07,1123.78,1145.7,160.25,470.56,546.6,26.3,630.81,1177.41,1203.71,30.25,40.56,46.6,6.3,70.81,117.41,123.71,21.51,17.23,14.89,4.38,38.74,53.63,58.01,222.78,1705.05,1988.7,15.68,1927.83,3916.53,3932.21,257.319410407957,1769.85491363907,2044.39152921705,18.8131386861314,2027.17432404703,4071.56585326408,4090.37899195021,48.5735548508001,152.552948183443,174.293167328055,4.50656934306569,201.126503034243,375.419670362297,379.926239705363,34.5394104079573,64.8049136390709,55.6915292170544,3.13313868613139,99.3443240470282,155.035853264083,158.168991950214,0.622766855193464,0.265874901029295,0.267365615728868,1.39795918367347,0.307117328810113,0.286932565306534,0.29136287227793,0.863318793945697,0.208432451624356,0.0952068169714184,0.104477744754311,0.0477228639057467,1.75389632698534
1962,605.1,3585.6496505636,16.875603,608.7,3.60000000000002,148.07,477.92,565.44,24.02,625.99,1191.43,1215.45,171.02,496.08,581.27,28.82,667.1,1248.37,1277.19,32.28,42.75,49.56,6.9,75.03,124.59,131.49,22.95,18.16,15.83,4.8,41.11,56.94,61.74,234.06,1794.15,2093.7,17.36,2028.21,4121.91,4139.27,270.337956371986,1862.32409608303,2152.31500955009,20.8291090757702,2132.66205245501,4284.9770620051,4305.80617108087,51.0262497467414,160.48692772849,183.509783531409,4.98684429641965,211.513177475232,395.022961006641,400.00980530306,36.2779563719862,68.1740960830264,58.6150095500849,3.46910907577019,104.452052455013,163.067062005098,166.536171080868,0.632615568657609,0.266376835827551,0.270067344891818,1.38364055299539,0.308641610089685,0.289048038409378,0.293638733399851,0.869900034344175,0.205899851264254,0.0941001487357462,0.104571817060171,0.0477913096027463,1.76788875440097
1963,638.6,3739.71950464001,17.076147,642.4,3.79999999999995,158.03,503.85,601.3,26.33,661.88,1263.18,1289.51,182.52,523,618.14,31.6,705.52,1323.66,1355.26,34.45,45.08,52.7,7.58,79.53,132.23,139.81,24.49,19.15,16.84,5.27,43.64,60.48,65.75,246.75,1888.65,2202.9,19.6,2135.4,4338.3,4357.9,284.988989432386,1960.43256921703,2264.59438882421,23.5229775921003,2245.42155864942,4510.01594747363,4533.53892506573,53.7906568373094,168.979541530217,193.069732246799,5.6425370300038,222.770198367527,415.839930614325,421.482467644329,38.2389894323863,71.7825692170289,61.6943888242142,3.92297759210027,110.021558649415,171.715947473629,175.63892506573,0.640445795339412,0.266777857199587,0.272958373053702,1.34336734693878,0.309955980144235,0.291169352050342,0.295901695770899,0.862024181047878,0.207062323833386,0.0947071719386157,0.104680251428933,0.047879162114663,1.75129694888078
1964,685.8,3956.41642130885,17.333868,690,4.20000000000005,168.66,531.18,639.44,28.85,699.84,1339.28,1368.13,194.8,551.36,657.34,34.62,746.16,1403.5,1438.12,36.77,47.51,56.04,8.3,84.28,140.32,148.62,26.14,20.18,17.9,5.77,46.32,64.22,69.99,259.44,1987.2,2318.4,21.84,2246.64,4565.04,4586.88,299.649662041978,2062.6954930532,2383.29953709496,26.208,2362.34515509518,4745.64469219014,4771.85269219014,56.5611810743508,177.739884784819,203.182684849243,6.2832582322357,234.301065859169,437.483750708413,443.767008940648,40.2096620419779,75.4954930532023,64.8995370949581,4.368,115.70515509518,180.604692190138,184.972692190138,0.65009250693802,0.267300724637681,0.275810904071774,1.3209706959707,0.311505181070398,0.293377495049331,0.298270283940282,0.866677273651239,0.204607757363663,0.0936424613589968,0.104772713696912,0.0479511379248551,1.76103711378274
1965,743.7,4208.60153948686,17.670953,748.6,4.89999999999998,180,560,680,31.62,740,1420,1451.62,207.9,581.28,699.04,37.94,789.18,1488.22,1526.16,39.24,50.1,59.6,9.09,89.34,148.94,158.03,27.9,21.28,19.04,6.32,49.18,68.22,74.54,273.07,2091.15,2440.2,24.36,2364.22,4804.42,4828.78,315.39585,2170.6137,2508.5256,29.2289184060721,2486.00955,4994.53515,5023.76406840607,59.52926,187.083241071429,213.876352941176,7.00292220113852,246.612501071429,460.488854012605,467.491776213743,42.32585,79.4637,68.3256,4.86891840607211,121.78955,190.11515,194.984068406072,0.65917164097118,0.267795232288454,0.278665683140726,1.29802955665025,0.312999636243666,0.295561170755263,0.300618375655963,0.875985350882492,0.20026892564206,0.0917305365066559,0.104887323943662,0.0480422535211268,1.78012263642422
1966,815,4477.79981026216,18.200903,820.4,5.39999999999998,193.74,599.9,728.55,34.66,793.64,1522.19,1556.85,223.77,622.7,748.95,41.59,846.47,1595.42,1637.01,43.77,62.7,68.95,9.96,106.47,175.42,185.38,30.03,22.8,20.4,6.93,52.83,73.23,80.16,287.17,2200.5,2568.3,27.16,2487.67,5055.97,5083.13,331.681794673273,2284.13293882314,2640.2145151328,32.5904327755337,2615.81473349641,5256.02924862921,5288.61968140474,64.8778305977083,229.990581763627,243.064010706197,7.80477784189267,294.868412361336,537.932423067533,545.737200909425,44.5117946732735,83.6329388231372,71.914515132798,5.43043277553376,128.144733496411,200.059248629209,205.489681404742,0.674652644774872,0.272619859122927,0.283670131993926,1.27614138438881,0.319029453263496,0.301067846525988,0.306277824883487,0.885646040277565,0.215239263803681,0.0898527607361963,0.115241855484532,0.0481083176213219,1.79999751183323
1967,861.7,4594.57011070317,18.754747,867.8,6.09999999999991,208.52,642.63,780.57,37.98,851.15,1631.72,1669.7,240.84,667.05,802.43,45.58,907.89,1710.32,1755.9,47.11,67.16,73.88,10.93,114.27,188.15,199.08,32.32,24.42,21.86,7.6,56.74,78.6,86.2,302.21,2316.6,2702.7,30.24,2618.81,5321.51,5351.75,349.051680414349,2404.63101629242,2778.38958837772,36.2911848341232,2753.68269670677,5532.0722850845,5568.36346991862,68.2769667178208,242.103319172774,255.807263922518,8.70255924170616,310.380285890595,566.187549813113,574.89010905482,46.8416804143487,88.0310162924233,75.689588377724,6.05118483412322,134.872696706772,210.562285084496,216.613469918619,0.689983786108997,0.277402227402227,0.288811188811189,1.25595238095238,0.325014033091366,0.306627254294364,0.311991404680712,0.863395936623847,0.21834745270976,0.0912150400371359,0.115307773392494,0.0481700291716716,1.75444958233059
1968,942.5,4819.89571126447,19.554365,949.4,6.89999999999998,224.44,688.42,836.31,41.63,912.86,1749.17,1790.8,259.23,714.58,859.73,49.96,973.81,1833.54,1883.5,50.7,71.94,79.15,11.97,122.64,201.79,213.76,34.79,26.16,23.42,8.33,60.95,84.37,92.7,318.19,2438.1,2843.4,33.6,2756.29,5599.69,5633.29,367.512001871324,2530.74794166352,2923.02648778563,40.3232284410281,2898.25994353484,5821.28643132047,5861.6096597615,71.8777089645339,254.781839574678,269.104889335294,9.66110977660341,326.659548539212,595.764437874506,605.42554765111,49.3220018713242,92.6479416635194,79.6264877856297,6.7232284410281,141.969943534844,221.596431320473,228.319659761501,0.705364719192935,0.28235921414216,0.294123232749525,1.2389880952381,0.33119156547388,0.312369077573937,0.317895936477618,0.86074331101623,0.214100795755968,0.0895172413793103,0.115363286587353,0.0482343054134247,1.74868961947562
1969,1019.9,4977.00835877794,20.49223,1028,8.10000000000002,241.56,737.46,896.02,45.62,979.02,1875.04,1920.66,279,765.48,921.11,54.74,1044.48,1965.59,2020.33,54.57,77.06,84.8,13.11,131.63,216.43,229.54,37.44,28.02,25.09,9.12,65.46,90.55,99.67,335.11,2565,2992.5,37.52,2900.11,5892.61,5930.13,387.04955290611,2662.45789602148,3076.29480926765,45.0207102148181,3049.50744892759,6125.80225819524,6170.82296841006,75.7035630899155,268.026604832804,283.212428294011,10.782270933801,343.73016792272,626.942596216731,637.724867150532,51.9395529061103,97.4578960214791,83.7948092676503,7.50071021481806,149.397448927589,233.19225819524,240.692968410058,0.720837933812778,0.287508771929825,0.299421888053467,1.21588486140725,0.337580298678326,0.318201951257592,0.323881601246516,0.844618659435792,0.212207079125404,0.0887832140405922,0.115426870893421,0.0482923030975339,1.71614468374577
1970,1075.9,4979.85701298003,21.605038,1085.6,9.69999999999982,260,790,960,50,1050,2010,2060,300.3,820.02,986.88,60,1120.32,2107.2,2167.2,58.74,82.56,90.86,14.38,141.3,232.16,246.54,40.3,30.02,26.88,10,70.32,97.2,107.2,352.5,2700,3150,42,3052.5,6202.5,6244.5,407.1375,2802.6,3238.2,50.4,3209.7375,6447.9375,6498.3375,79.6378846153846,282.167088607595,298.134375,12.0792,361.80497322298,659.93934822298,672.01854822298,54.6375,102.6,88.2,8.4,157.2375,245.4375,253.8375,0.737588652482269,0.292592592592593,0.304761904761905,1.19047619047619,0.343980343980344,0.324062877871826,0.329890303467051,0.802879002495773,0.215782135886235,0.0903429686773864,0.115502487562189,0.0483582089552239,1.63140278885505
1971,1167.8,5141.03123592495,22.715287,1178.7,10.9000000000001,283.39,872.75,1082.49,55.01,1156.14,2238.63,2293.64,327.32,905.91,1112.8,66.01,1233.23,2346.03,2412.04,67.32,115.91,152.8,16.01,183.23,336.03,352.04,43.93,33.16,30.31,11,77.09,107.4,118.4,375.06,2829.6,3341.1,47.32,3204.66,6545.76,6593.08,433.200321817989,2937.11021025494,3434.65166421861,56.7822795855299,3370.31053207293,6804.96219629154,6861.74447587707,89.0964367126575,375.799411057004,471.616439874733,13.7719178331213,464.895847769661,936.512287644394,950.284205477516,58.1403218179894,107.510210254941,93.5516642186071,9.4622795855299,165.650532072931,259.202196291538,268.664475877068,0.755585772942996,0.308435821317501,0.323992098410703,1.16251056635672,0.360768381045103,0.341996956808682,0.347885965284814,0.785398675772554,0.287746189415996,0.0919678027059428,0.150105198268584,0.0479757708955924,1.60423609241696
1972,1282.4,5412.11956901567,23.694968,1295,12.5999999999999,308.89,964.17,1220.61,60.53,1273.06,2493.67,2554.2,356.77,1000.81,1254.79,72.64,1357.58,2612.37,2685.01,73.38,128.06,172.3,17.63,201.44,373.74,391.37,47.88,36.64,34.18,12.11,84.52,118.7,130.81,399.5,2965.95,3542.7,53.48,3365.45,6908.15,6961.63,461.425151348377,3078.66083730048,3641.90407501167,64.1795341153147,3540.08598864885,7181.99006366053,7246.16959777584,94.9053384700055,393.934220106413,500.083736820115,15.5766132496283,488.839558576418,988.923295396533,1004.49990864616,61.9251513483765,112.710837300476,99.2040750116745,10.6995341153147,174.635988648853,273.840063660527,284.539597775842,0.773191489361702,0.325079654073737,0.3445422982471,1.13182498130142,0.37827333640375,0.360975080158943,0.366896833069267,0.783439787644401,0.291437928883344,0.09256082345602,0.14987548472733,0.0476005245281052,1.60814142804548
1973,1428.5,5715.21939921102,24.994666,1444.4,15.9000000000001,336.69,1065.16,1376.36,66.6,1401.85,2778.21,2844.81,388.88,1105.64,1414.9,79.92,1494.52,2909.42,2989.34,79.98,141.47,194.28,19.39,221.45,415.73,435.12,52.19,40.48,38.54,13.32,92.67,131.21,144.53,424.88,3109.05,3756.9,60.2,3533.93,7290.83,7351.03,490.740248893641,3227.20534192046,3862.0984408149,72.24,3717.9455908141,7580.04403162901,7652.28403162901,100.929348659004,412.930736696834,530.304958005173,17.5266966966967,513.860085355838,1044.16504336101,1061.69174005771,65.860248893641,118.155341920463,105.198440814903,12.04,184.015590814104,289.214031629007,301.254031629007,0.792435511203163,0.342599829529921,0.366355239692299,1.1063122923588,0.396683012962905,0.381055380525948,0.386994747674816,0.783891463552301,0.291025551277564,0.091851592579629,0.149639516091296,0.0472282512841002,1.61724182403472
1974,1548.8,5700.77686703663,27.168227,1567.8,19,366.98,1176.74,1551.97,73.28,1543.72,3095.69,3168.97,423.86,1221.46,1595.43,87.94,1645.32,3240.75,3328.69,87.17,156.29,219.08,21.34,243.46,462.54,483.88,56.88,44.72,43.46,14.66,101.6,145.06,159.72,452.61,3258.9,3985.8,68.04,3711.51,7697.31,7765.35,522.762206659764,3382.74894539151,4097.41483018357,81.6517139737991,3905.51115205127,8002.92598223484,8084.57769620864,107.509983377841,432.834339786189,562.645582066664,19.8140502183406,540.34432316403,1102.98990523069,1122.80395544903,70.1522066597635,123.848945391505,111.614830183573,13.6117139737991,194.001152051269,305.615982234842,319.227696208641,0.810808422261991,0.361085028690662,0.389374780470671,1.07701352145797,0.415927749083257,0.40217816354025,0.408091071233106,0.740619367939791,0.298644111570248,0.0936596074380165,0.149414185528913,0.0468586970917631,1.53597238510381
1975,1688.9,5713.74518895483,29.558546,1712.1,23.1999999999998,400,1300,1750,80.62,1700,3450,3530.62,462,1349.4,1799,96.74,1811.4,3610.4,3707.14,95.02,172.66,247.03,23.47,267.68,514.71,538.18,62,49.4,49,16.12,111.4,160.4,176.52,481.75,3415.5,4225.2,76.72,3897.25,8122.45,8199.17,556.42125,3545.289,4343.5056,92.0601935003721,4101.71025,8445.21585,8537.27604350037,114.4397125,453.630946153846,596.429232,22.3346365666088,568.070658653846,1164.49989065385,1186.83452722046,74.67125,129.789,118.3056,15.3401935003721,204.46025,322.76585,338.106043500372,0.83030617540218,0.38061777192212,0.414181577203446,1.05083420229406,0.436205016357688,0.424748690358205,0.430607000464681,0.703450952477988,0.304760494996743,0.0949730593877672,0.149191304347826,0.0464927536231884,1.46609665506571
1976,1877.6,6017.53269814007,31.202157,1903.7,26.1000000000001,453.59,1469.59,1986.7,88.71,1923.18,3909.88,3998.59,523.9,1525.43,2042.33,106.45,2049.33,4091.66,4198.11,123.9,225.43,292.33,25.82,349.33,641.66,667.48,70.31,55.84,55.63,17.74,126.15,181.78,199.52,512.77,3580.2,4481.4,86.52,4092.97,8574.37,8660.89,592.253363169382,3716.23683204159,4606.88461368098,103.822049374366,4308.49019521097,8915.37480889195,9019.19685826632,140.065263784475,549.190240815466,659.408900186238,25.1825769360839,689.255504599941,1348.66440478618,1373.84698172226,79.483363169382,136.03683204159,125.484613680978,17.3020493743659,215.520195210972,341.00480889195,358.306858266316,0.88458763188174,0.410477068320206,0.443321283527469,1.0253120665742,0.469873954609978,0.455996183976199,0.461683499039937,0.701804645488831,0.341744780570942,0.0968150830847891,0.164112453579138,0.046492475472393,1.4702117773011
1977,2086,6289.61424282241,33.165786,2114.1,28.0999999999999,514.35,1661.31,2255.43,97.6,2175.66,4431.09,4528.69,594.07,1724.44,2318.58,117.12,2318.51,4637.09,4754.21,140.49,254.85,331.87,28.41,395.34,727.21,755.62,79.72,63.13,63.15,19.52,142.85,206,225.52,545.67,3751.65,4754.4,97.44,4297.32,9051.72,9149.16,630.244341207349,3894.21319681456,4887.518899722,116.928,4524.45753802191,9411.97643774392,9528.90443774391,149.044771653543,575.514505119454,699.575126694245,28.3634262295082,724.559276772997,1424.13440346724,1452.49782969675,84.5743412073491,142.563196814562,133.118899722004,19.488,227.137538021911,360.256437743915,379.744437743915,0.942602671944582,0.442821158690176,0.474387935386169,1.00164203612479,0.506282985674793,0.489530166642362,0.494984238990246,0.694852938758867,0.348614573346117,0.0987535953978907,0.16411537567506,0.0464896898957141,1.46361319213426
1978,2356.6,6672.83832006666,35.316306,2389.1,32.5,583.26,1878.04,2560.49,107.39,2461.3,5021.79,5129.18,673.67,1949.41,2632.18,128.87,2623.08,5255.26,5384.13,159.32,288.1,376.76,31.27,447.42,824.18,855.45,90.41,71.37,71.69,21.48,161.78,233.47,254.95,580.92,3932.55,5042.1,110.04,4513.47,9555.57,9665.61,670.967281143915,4081.99628096313,5183.27147460056,132.050049352826,4752.96356210705,9936.23503670761,10068.2850860604,158.680818845798,603.271312112628,741.913304094138,32.0416314368191,761.952130958426,1503.86543505256,1535.90706648938,90.0472811439152,149.446280963132,141.171474600565,22.0100493528261,239.493562107047,380.665036707612,402.675086060438,1.00402809336914,0.477562904476739,0.507822137601396,0.975917848055253,0.545323221379559,0.525535368376769,0.530662834523636,0.69831923371046,0.349732665704829,0.0990706950691674,0.164120761720422,0.0464913905201133,1.47842753359758
1979,2632.1,6884.64529756049,38.231454,2668.3,36.2000000000003,661.4,2123.04,2906.82,118.15,2784.44,5691.26,5809.41,763.92,2203.72,2988.21,141.78,2967.64,5955.85,6097.63,180.66,325.68,427.72,34.4,506.34,934.06,968.46,102.52,80.68,81.39,23.63,183.2,264.59,288.22,618.05,4121.55,5346.6,124.04,4739.6,10086.2,10210.24,713.850553371636,4278.17759721908,5496.30303424361,148.848,4992.02815059072,10488.3311848343,10637.1791848343,168.819039915331,632.25676576984,786.718046525069,36.1149047820567,801.075805685171,1587.79385221024,1623.9087569923,95.8005533716359,156.627597219082,149.703034243606,24.808,252.428150590718,402.131184834324,426.939184834324,1.07013995631421,0.515107180551006,0.543676355066771,0.952515317639471,0.587484175879821,0.564262061033888,0.568978789920707,0.682580684257747,0.354872535238023,0.100524296189355,0.164121828909591,0.0464905838074521,1.45257939437094
1980,2862.5,6868.51123645248,41.675698,2904,41.5,750,2400,3300,130,3150,6450,6580,866.25,2491.2,3392.4,156,3357.45,6749.85,6905.85,204.85,368.16,485.58,37.85,573.01,1058.59,1096.44,116.25,91.2,92.4,26,207.45,299.85,325.85,658,4320,5670,140,4978,10648,10788,759.99,4484.16,5828.76,168,5244.15,11072.91,11240.91,179.721733333333,662.688,834.314727272727,40.7615384615385,842.409733333333,1676.72446060606,1717.4859990676,101.99,164.16,158.76,28,266.15,424.91,452.91,1.13981762917933,0.555555555555556,0.582010582010582,0.928571428571429,0.632784250703094,0.605747558226897,0.609936967000371,0.645051769013193,0.369813100436681,0.104751091703057,0.164122480620155,0.0464883720930233,1.37977324958869
1981,3211,7051.10633527301,45.538953,3260.7,49.6999999999998,809.71,2588.11,3571.5,145.71,3397.82,6969.32,7115.03,935.21,2686.46,3671.5,174.85,3621.67,7293.17,7468.02,185.21,286.46,371.5,44.85,471.67,843.17,888.02,125.5,98.35,100,29.14,223.85,323.85,352.99,713.46,4517.1,6006,160.72,5230.56,11236.56,11397.28,824.04185029208,4688.75297649636,6174.16463670727,192.861793974333,5512.79482678844,11686.9594634957,11879.82125747,163.194139383236,499.966564790523,624.731625367493,49.4701255919292,663.160704173759,1287.89232954125,1337.36245513318,110.58185029208,171.652976496362,168.164636707266,32.1417939743326,282.234826788442,450.399463495708,482.54125747004,1.13490595127968,0.572958313962498,0.594655344655345,0.906607765057242,0.649609219662904,0.620236086489103,0.624274388275097,0.62751467844901,0.262587978822797,0.100856431018374,0.120983108825538,0.0464679480924968,1.34805954530165
1982,3345,6925.63991152904,48.298786,3394.4,49.4000000000001,874.17,2790.96,3865.33,163.33,3665.13,7530.46,7693.79,1009.67,2897.02,3973.56,196,3906.69,7880.25,8076.25,199.96,308.91,402.06,50.28,508.87,910.93,961.21,135.5,106.06,108.23,32.67,241.56,349.79,382.46,774.09,4723.65,6360.9,184.8,5497.74,11858.64,12043.44,894.077182127046,4903.15465753719,6539.00645067821,221.764525806649,5797.23183966424,12336.2382903424,12558.0028161491,177.067431277669,522.824663019176,661.641684927289,56.8893895793792,699.892094296845,1361.53377922413,1418.42316880351,119.987182127046,179.504657537192,178.106450678209,36.9645258066491,299.491839664238,477.598290342446,514.562816149096,1.12928729217533,0.590848178844749,0.607670298228238,0.883820346320346,0.666661209878968,0.635018855450541,0.638836578253389,0.584016372158109,0.272325859491779,0.104571001494768,0.120966049882743,0.0464500176616037,1.2597248890506
1983,3638.1,7235.50908869717,50.281189,3693.1,55,943.76,3009.71,4183.34,183.07,3953.47,8136.81,8319.88,1090.04,3124.08,4300.47,219.68,4214.12,8514.59,8734.27,215.87,333.12,435.14,56.35,548.99,984.13,1040.48,146.28,114.37,117.13,36.61,260.65,377.78,414.39,839.42,4938.3,6738.9,212.24,5777.72,12516.62,12728.86,969.527609561753,5125.9570736051,6927.58352966768,254.683362648167,6095.48468316685,13023.0682128345,13277.7515754827,192.003894422311,546.579735589143,700.962615039657,65.3286939422079,738.583630011454,1439.54624505111,1504.87493899332,130.107609561753,187.657073605098,188.683529667682,42.4433626481674,317.764683166851,506.448212834533,548.8915754827,1.12430011198208,0.609462770589069,0.620774903916069,0.862561251413494,0.68426126568958,0.650080453029652,0.653623340974761,0.578072122401828,0.270506583106567,0.1038399164399,0.120947889897884,0.0464285143686531,1.25231217308855
1984,4040.7,7741.4983664628,52.195322,4103.9,63.1999999999998,1018.89,3245.61,4527.51,205.2,4264.5,8792.01,8997.21,1176.82,3368.94,4654.28,246.24,4545.76,9200.04,9446.28,233.06,359.23,470.94,63.17,592.29,1063.23,1126.4,157.93,123.33,126.77,41.04,281.26,408.03,449.07,909.92,5163.75,7137.9,243.88,6073.67,13211.57,13455.45,1050.95943075307,5359.9674406352,7337.76075856265,292.656,6410.92687138827,13748.6876299509,14041.3436299509,208.134298305018,571.533213325076,742.466085331672,75.0774834307992,779.667511630094,1522.13359696177,1597.21108039257,141.039430753074,196.217440635196,199.860758562654,48.776,337.256871388271,537.117629950925,585.893629950924,1.11975778090382,0.628537400145243,0.634291598369268,0.841397408561588,0.702129025778483,0.665478062031992,0.668666599779272,0.585963543050735,0.26313015071646,0.100980028212933,0.120931391115342,0.046409182883095,1.27459976693874
1985,4346.7,8064.96068204107,53.896109,4415.3,68.6000000000004,1100,3500,4900,230,4600,9500,9730,1270.5,3633,5037.2,276,4903.5,9940.7,10216.7,251.61,387.39,509.69,70.8,639,1148.69,1219.49,170.5,133,137.2,46,303.5,440.7,486.7,987,5400,7560,280,6387,13947,14227,1139.985,5605.2,7771.68,336,6745.185,14516.865,14852.865,225.762790909091,597.687428571429,786.378857142857,86.1913043478261,823.45021948052,1609.82907662338,1696.0203809712,152.985,205.2,211.68,56,358.185,569.865,625.865,1.1144883485309,0.648148148148148,0.648148148148148,0.821428571428571,0.72021293251918,0.681150068115007,0.683910873690869,0.578257738728119,0.264267145190604,0.101387259300159,0.120914736842105,0.0463894736842105,1.26271499640537
1986,4590.2,8338.64391581643,55.04732,4659.4,69.1999999999998,1185.6,3696.63,5200.75,252.94,4882.23,10082.98,10335.92,1369.37,3837.1,5346.37,303.53,5206.47,10552.84,10856.37,269.37,337.1,446.37,73.53,606.47,1052.84,1126.37,183.77,140.47,145.62,50.59,324.24,469.86,520.45,1059.85,5690.25,8007.3,315,6750.1,14757.4,15072.4,1224.12853787112,5906.4765137436,8231.50286035668,378.002490709259,7130.60505161472,15362.1079119714,15740.1104026807,240.799421811741,518.900532376786,687.250589049656,91.5709259112833,759.699954188527,1446.95054323818,1538.52146914947,164.27853787112,216.226513743599,224.202860356679,63.0024907092591,380.505051614719,604.707911971398,667.710402680657,1.11864886540548,0.649642810069856,0.649501080264259,0.802984126984127,0.723282618035288,0.68324908181658,0.68575143971763,0.565048309039291,0.229366912117119,0.102361552873513,0.104417543226308,0.0465993188521647,1.23533635291572
1987,4870.2,8618.94616455657,56.505748,4945.3,75.1000000000004,1277.86,3904.31,5519.95,278.17,5182.17,10702.12,10980.29,1475.93,4052.67,5674.51,333.8,5528.6,11203.11,11536.91,290.33,356.04,473.76,80.86,646.37,1120.13,1200.99,198.07,148.36,154.56,55.63,346.43,500.99,556.62,1138.34,5998.05,8481.9,354.2,7136.39,15618.29,15972.49,1314.78421438968,6225.97009292295,8719.39535122601,425.034906711723,7540.75430731263,16260.1496585386,16685.1845652504,258.631033290032,546.971352684597,727.974880931893,102.960822518604,805.602385974629,1533.57726690652,1636.53808942513,176.444214389683,227.920092922949,237.495351226008,70.8349067117231,404.364307312632,641.85965853864,712.694565250363,1.12256443593303,0.650929885546136,0.65079168582511,0.785347261434218,0.726161266410608,0.685229945147644,0.687450109532077,0.551849540798421,0.229996714713975,0.102868465360765,0.104664309501295,0.0468122203825036,1.20774595622669
1988,5252.6,8981.67079801408,58.481324,5341.6,89,1377.3,4123.65,5858.75,305.92,5500.95,11359.7,11665.62,1590.78,4280.35,6022.79,367.1,5871.13,11893.92,12261.02,312.92,376.04,502.84,88.93,688.96,1191.8,1280.73,213.48,156.7,164.04,61.18,370.18,534.22,595.4,1222.47,6320.7,8983.8,398.44,7543.17,16526.97,16925.41,1411.95151862339,6560.88859263032,9235.33873300619,478.122790271967,7972.84011125371,17208.1788442599,17686.3016345319,277.742911783925,576.391310610745,771.054233752934,115.825278504184,854.134222394671,1625.1884561476,1741.01373465179,189.481518623394,240.188592630315,251.538733006187,79.6827902719665,429.670111253709,681.208844259896,760.891634531863,1.12665341480773,0.652404005885424,0.652146085175538,0.767794398152796,0.729262365822327,0.687343173007514,0.689237070180279,0.543455382203397,0.226897155694323,0.101705821878689,0.10491474246679,0.047027650378091,1.19070242325363
1989,5657.7,9318.51324576332,60.714621,5743.6,85.9000000000005,1484.48,4355.32,6218.34,336.44,5839.8,12058.14,12394.58,1714.57,4520.82,6392.45,403.73,6235.39,12627.84,13031.57,337.27,397.17,533.7,97.81,734.44,1268.14,1365.95,230.09,165.5,174.11,67.29,395.59,569.7,636.99,1312.71,6660.9,9517.2,448,7973.61,17490.81,17938.81,1516.17615912643,6914.01089655869,9783.67621262266,537.60266317917,8430.18705568512,18213.8632683078,18751.4659314869,298.244302179888,607.420270611574,816.830478873783,130.24277731542,905.664572791462,1722.49505166525,1852.73782898067,203.466159126428,253.110896558691,266.476212622661,89.6026631791702,456.57705568512,723.053268307781,812.655931486951,1.13085144472123,0.653863592007086,0.653379145126718,0.750982142857143,0.732390974727884,0.689398604181282,0.69093657829031,0.532766249576968,0.224144086819732,0.100694628559309,0.105168790543152,0.0472460926809607,1.16866930358562
1990,5979.6,9497.86525963905,62.957305,6062.9,83.2999999999993,1600,4600,6600,370,6200,12800,13170,1848,4774.8,6784.8,444,6622.8,13407.6,13851.6,363.52,419.48,566.46,107.56,783,1349.46,1457.02,248,174.8,184.8,74,422.8,607.6,681.6,1410,7020,10080,504,8430,18510,19014,1628.55,7286.76,10362.24,604.8,8915.31,19277.55,19882.35,320.352,640.162956521739,865.138909090909,146.514162162162,960.514956521739,1825.65386561265,1972.16802777481,218.55,266.76,282.24,100.8,485.31,767.55,868.35,1.13475177304965,0.655270655270655,0.654761904761905,0.734126984126984,0.735468564650059,0.69151809832523,0.692647522877879,0.513120759569911,0.225677302829621,0.101612147969764,0.1054265625,0.04746875,1.12667440802361
1991,6174,9507.28005264083,64.939709,6259.5,85.5,1689.43,4749.91,6824.24,404.81,6439.34,13263.58,13668.39,1951.29,4930.41,7015.32,485.77,6881.7,13897.02,14382.79,351.29,330.41,415.32,115.77,681.7,1097.02,1212.79,261.86,180.5,191.08,80.96,442.36,633.44,714.4,1528.91,7149.6,10357.2,558.32,8678.51,19035.71,19594.03,1765.88955677359,7421.28994780954,10647.2035426656,669.981241570119,9187.17950458312,19834.3830472487,20504.3642888188,317.912428393008,497.335599200827,630.334264914481,159.671713643438,815.248027593835,1445.58229250832,1605.25400615175,236.979556773586,271.689947809538,290.003542665557,111.661241570119,508.669504583124,798.673047248681,910.3342888188,1.10498982935555,0.66436024392973,0.658888502684123,0.725050150451354,0.741986815709148,0.696773590267975,0.697579313699122,0.499444467931106,0.177683835438937,0.102597991577583,0.0827091931439325,0.0477578451669911,1.09549681369738
1992,6539.3,9842.67420068065,66.438245,6628.3,89,1783.86,4904.7,7056.09,442.89,6688.56,13744.65,14187.54,2060.36,5091.08,7253.66,531.47,7151.44,14405.1,14936.57,370.93,341.17,429.42,126.66,712.1,1141.52,1268.18,276.5,186.38,197.57,88.58,462.88,660.45,749.03,1658.16,7283.25,10644.9,618.24,8941.41,19586.31,20204.55,1915.17638020921,7560.01557893449,10942.9564155219,741.890791844476,9475.1919591437,20418.1483746656,21160.0391665101,344.792354108506,506.62148602361,647.828040458668,176.807510668563,851.413840132116,1499.24188059078,1676.04939125935,257.016380209209,276.765578934491,298.056415521911,123.650791844476,533.781959143701,831.838374665612,955.489166510088,1.07580691851209,0.673421892699001,0.662861088408534,0.716372282608696,0.748043093874456,0.701747802419139,0.702195297593859,0.502528255739884,0.174563026623645,0.100997048613766,0.0830519511228005,0.0480514236448364,1.10079665295302
1993,6878.7,10130.2385182457,67.902646,6955.2,76.5,1883.56,5064.53,7295.82,484.55,6948.09,14243.91,14728.46,2175.51,5256.98,7500.1,581.46,7432.49,14932.59,15514.05,391.65,352.29,444.01,138.57,743.94,1187.95,1326.52,291.95,192.45,204.28,96.91,484.4,688.68,785.59,1798.22,7416.9,10938.9,684.88,9215.12,20154.02,20838.9,2076.94238155408,7698.73906601402,11245.1847619596,821.856,9775.6814475681,21020.8662095277,21842.7222095277,373.905191764531,515.921457864797,665.721055206954,195.85970818285,889.826649629328,1555.54770483628,1751.40741301913,278.722381554078,281.839066014023,306.284761959588,136.976,560.561447568101,866.846209527689,1003.82220952769,1.04745804184138,0.682836495031617,0.666961028988289,0.707496203714519,0.753988011007996,0.706752796712517,0.706777229124378,0.502641086902052,0.172699783389303,0.100117754808321,0.0834005550442259,0.0483490839242876,1.09930619658189
1994,7308.8,10556.0245244434,69.238187,7387.7,78.8999999999996,1988.84,5229.58,7543.7,530.13,7218.42,14762.12,15292.25,2297.11,5428.3,7754.92,636.16,7725.41,15480.33,16116.49,413.55,363.76,459.1,151.61,777.31,1236.41,1388.02,308.27,198.72,211.22,106.03,506.99,718.21,824.24,1950.03,7554.6,11239.2,758.52,9504.63,20743.83,21502.35,2252.28445390278,7841.66896385561,11553.8922364357,910.229723275423,10093.9534177584,21647.8456541941,22558.0753774695,405.480031827598,525.484129891884,684.003435979692,216.926446720616,930.964161719482,1614.96759769917,1831.89404441979,302.254453902778,287.068963855606,314.692236435701,151.709723275423,589.323417758384,904.015654194085,1055.72537746951,1.01990225791398,0.692237841844704,0.671195458751512,0.69890049042873,0.75946354566143,0.711639075329869,0.711189707171542,0.508875387257001,0.169167305166375,0.0982664732924694,0.0837555852411442,0.0486522261030259,1.11061919553348
1995,7664.1,10860.2322500648,70.570314,7757.5,93.3999999999996,2100,5400,7800,580,7500,15300,15880,2425.5,5605.2,8018.4,696,8030.7,16049.1,16745.1,436.66,375.62,474.7,165.87,812.28,1286.98,1452.85,325.5,205.2,218.4,116,530.7,749.1,865.1,2115,7695,11550,840,9810,21360,22200,2442.825,7987.41,11873.4,1008,10430.235,22303.635,23311.635,439.779,535.2585,702.921153846154,240.225517241379,975.0375,1677.95865384615,1918.18417108753,327.825,292.41,323.4,168,620.235,943.635,1111.635,0.99290780141844,0.701754385964912,0.675324675324675,0.69047619047619,0.764525993883792,0.716292134831461,0.715315315315315,0.508437839422509,0.167923174280085,0.0977414177789956,0.084116339869281,0.0489607843137255,1.10705731397195
1996,8100.2,11297.7235091313,71.69763,8210.4,110.2,2224.37,5654.79,8277.77,637.44,7879.16,16156.93,16794.37,2569.15,5869.67,8509.55,764.93,8438.82,16948.37,17713.3,469.15,469.67,709.55,184.93,938.82,1648.37,1833.3,344.78,214.88,231.78,127.49,559.66,791.44,918.93,2276.21,7900.2,11942.7,930.44,10176.41,22119.11,23049.55,2629.02526175951,8200.40477789626,12277.0991202945,1116.53091930221,10829.4300396558,23106.5291599502,24223.0600792525,480.083763717367,656.167060845761,1023.69874797198,269.93327873996,1136.25082456313,2159.94957253511,2429.88285127507,352.815261759509,300.204777896261,334.399120294475,186.090919302209,653.020039655771,987.419159950246,1173.51007925245,0.977225299950356,0.715778081567555,0.693123832969094,0.6850952237651,0.774257326503158,0.730451179997749,0.728620298444004,0.510767544857424,0.203497444507543,0.0977062294758154,0.1020224758045,0.0489845533774052,1.11018753264966
1997,8608.5,11829.6838835278,72.77033,8710,101.5,2356.11,5921.61,8784.81,700.57,8277.72,17062.53,17763.1,2721.31,6146.63,9030.78,840.68,8867.94,17898.72,18739.4,496.94,491.84,753.01,203.24,988.78,1741.79,1945.03,365.2,225.02,245.97,140.11,590.22,836.19,976.3,2450.11,8109.45,12348,1030.4,10559.56,22907.56,23937.96,2829.880117694,8417.60748402884,12693.7374217541,1236.47411679061,11247.4876017228,23941.225023477,25177.6991402676,516.766052264113,673.558692315097,1058.43694741264,298.925868935296,1190.32474457921,2248.76169199185,2547.68756092714,379.770117693996,308.157484028837,345.737421754142,206.074116790613,687.927601722832,1033.66502347697,1239.73914026759,0.961634375599463,0.730211050071213,0.711435860058309,0.67990100931677,0.783907662819284,0.744842750602858,0.742047359089914,0.516409599430398,0.20233373990823,0.0971353894406691,0.102082750916775,0.0490073863606394,1.12028189465544
1998,9089.2,12370.1413813852,73.476929,9186.2,97,2495.64,6201.02,9322.91,769.95,8696.66,18019.57,18789.52,2882.46,6436.66,9583.95,923.94,9319.12,18903.07,19827.01,526.36,515.05,799.14,223.37,1041.41,1840.55,2063.92,386.82,235.64,261.04,153.99,622.46,883.5,1037.49,2637.17,8325.45,12768,1141.28,10962.62,23730.62,24871.9,3045.9269118142,8641.81876481611,13125.5019730964,1369.536,11687.7456766303,24813.2476497267,26182.7836497267,556.210351332724,691.502853159641,1094.44578141374,331.096452496915,1247.71320449237,2342.15898590611,2673.25543840302,408.756911814204,316.368764816111,357.501973096383,228.256,725.125676630315,1082.6276497267,1310.8836497267,0.946332621711911,0.744827006348005,0.730177788220551,0.674637249404178,0.793301236383273,0.759338356941369,0.755451734688544,0.521273417272081,0.202498569731109,0.0972032742155525,0.102141727022343,0.0490300267986417,1.1283927912657
1999,9660.6,12972.2775609771,74.471117,9743.2,82.6000000000004,2643.45,6493.61,9893.96,846.2,9137.06,19031.02,19877.22,3053.18,6740.37,10170.99,1015.44,9793.55,19964.54,20979.98,557.53,539.35,848.09,245.49,1096.88,1944.97,2190.46,409.73,246.76,277.03,169.24,656.49,933.52,1102.76,2838.33,8546.85,13200.6,1263.92,11385.18,24585.78,25849.7,3278.26604982126,8871.63401166686,13570.215625897,1516.704,12149.9000614881,25720.1156873851,27236.8196873851,598.632137887987,709.889190681301,1131.52841268815,366.674215079177,1308.52132856929,2440.04974125743,2806.72395633661,439.936049821256,324.784011666854,369.615625897012,252.784,764.72006148811,1134.33568738512,1387.11968738512,0.931339907621735,0.759766463667901,0.749508355680802,0.669504399012596,0.802539792958917,0.774066147179386,0.768953604877426,0.527633353954078,0.201330145125562,0.0966316791917686,0.102199987178827,0.0490525468419454,1.13940030469234
2000,10252.3,13543.6368375033,75.698279,10359.5,107.200000000001,2800,6800,10500,930,9600,20100,21030,3234,7058.4,10794,1116,10292.4,21086.4,22202.4,590.55,564.79,900.04,269.8,1155.34,2055.38,2325.18,434,258.4,294,186,692.4,986.4,1172.4,3055,8775,13650,1400,11830,25480,26880,3528.525,9108.45,14032.2,1680,12636.975,26669.175,28349.175,644.332232142857,728.828272058824,1170.052,406.150537634409,1373.16050420168,2543.21250420168,2949.36304183609,473.525,333.45,382.2,280,806.975,1189.175,1469.175,0.916530278232406,0.774928774928775,0.769230769230769,0.664285714285714,0.811496196111581,0.788854003139717,0.782366071428571,0.531539907280349,0.200479892316846,0.0962125571822908,0.102257711442786,0.0490746268656716,1.14485518491152
2001,10581.9,13722.404391823,77.114037,10691.5,109.6,2875.79,7223.78,11562.22,986.66,10099.57,21661.79,22648.45,3321.54,7498.28,11885.96,1183.99,10819.82,22705.78,23889.77,521.54,698.28,1385.96,253.99,1219.82,2605.78,2859.77,445.75,274.5,323.74,197.33,720.25,1043.99,1241.32,3184.72,8955.9,14229.6,1475.32,12140.62,26370.22,27845.54,3678.35442393221,9296.21968719978,14628.0261416925,1770.38100946628,12974.574111132,27602.6002528245,29372.9812622908,577.566118805615,865.713774782732,1705.69807666694,379.78282974885,1443.27989358835,3148.97797025528,3528.76080000413,493.634423932207,340.319687199776,398.426141692512,295.06100946628,833.954111131983,1232.3802528245,1527.44126229078,0.902996181767942,0.806594535445907,0.812547084949682,0.668776943307215,0.831882556245068,0.821448967812934,0.813360056942692,0.520375043963342,0.246248783299786,0.0986580859769985,0.120293844599177,0.0481950014287831,1.13028860073233
2002,10936.4,13983.1125825063,78.211485,11050.6,114.200000000001,2953.62,7673.98,12731.9,1046.78,10627.6,23359.5,24406.28,3411.43,7965.59,13088.39,1256.14,11377.02,24465.41,25721.55,535.65,741.8,1526.17,269.47,1277.45,2803.62,3073.09,457.81,291.61,356.49,209.36,749.42,1105.91,1315.27,3319.61,9140.85,14832.3,1554.84,12460.46,27292.76,28847.6,3834.14831369641,9488.20082297582,15247.6006720914,1865.81394142036,13322.3491366722,28569.9498087636,30435.763750184,602.023651146728,883.593979916549,1777.94447733645,400.258635816504,1485.61763106328,3263.56210839973,3663.82074421624,514.538313696413,347.350822975822,415.300672091361,310.973941420356,861.889136672235,1277.1898087636,1588.16375018395,0.889749097032483,0.839525864662477,0.858390135043115,0.673239690257518,0.852905911980778,0.855886322966237,0.846041958429817,0.512337798834061,0.256356753593504,0.101121941406679,0.120020548385025,0.0473430510070849,1.12219874567282
2003,11458.2,14408.1740830143,79.525691,11583.6,125.4,3033.56,8152.23,14019.91,1110.55,11185.79,25205.7,26316.25,3503.76,8462.01,14412.47,1332.66,11965.77,26378.24,27710.9,550.14,788.03,1680.57,285.89,1338.17,3018.74,3304.63,470.2,309.78,392.56,222.11,779.98,1172.54,1394.65,3460.14,9329.85,15460.2,1638.56,12789.99,28250.19,29888.75,3996.45964688353,9684.37887528934,15893.088378884,1966.272,13680.8385221729,29573.9269010569,31540.1989010569,627.500830575298,901.863869824576,1853.21791038602,421.816143712575,1529.36470039987,3382.58261078589,3804.39875449846,536.31964688353,354.528875289338,432.88837888403,327.712,890.848522172868,1323.7369010569,1651.4489010569,0.876715971030074,0.873779321210952,0.906838850726381,0.67775974025974,0.874573787782477,0.892231167294804,0.880473422274267,0.510020431119731,0.263456738405683,0.102331954408197,0.119764180324292,0.0465188429601241,1.1265195737459
2004,12213.7,15012.3099909451,81.357899,12383.9,170.199999999999,3115.67,8660.28,15438.21,1178.22,11775.95,27214.16,28392.38,3598.6,8989.37,15870.48,1413.86,12587.97,28458.45,29872.31,565.04,837.15,1850.58,303.3,1402.19,3252.77,3556.07,482.93,329.09,432.27,235.64,812.02,1244.29,1479.93,3607.25,9522.9,16117.5,1727.04,13130.15,29247.65,30974.69,4166.37508144316,9884.76949625185,16568.7901252801,2072.4421367826,14051.144577695,30619.9347029751,32692.3768397577,654.190122830723,920.535564092616,1932.0065700622,444.57845903142,1574.72568692334,3506.73225698554,3951.31071601696,559.125081443157,361.869496251853,451.290125280068,345.402136782604,920.99457769501,1372.28470297508,1717.68683975768,0.863724443828401,0.909416249251804,0.957853885528153,0.682219288493608,0.896863326009223,0.930473388460269,0.916631611163825,0.513282605301455,0.266321425939723,0.101876581216175,0.119524909091444,0.0457221534671656,1.14334641957214
2005,13036.6,15641.4906887981,83.346276,13251.8,215.199999999999,3200,9200,17000,1250,12400,29400,30650,3696,9549.6,17476,1500,13245.6,30721.6,32221.6,580.33,889.32,2037.79,321.78,1469.65,3507.44,3829.22,496,349.6,476,250,845.6,1321.6,1571.6,3760,9720,16800,1820,13480,30280,32100,4342.8,10089.36,17270.4,2184,14432.16,31702.56,33886.56,681.88775,939.585913043478,2013.816,468.51168,1621.47366304348,3635.28966304348,4103.80134304348,582.8,369.36,470.4,364,952.16,1422.56,1786.56,0.851063829787234,0.946502057613169,1.01190476190476,0.686813186813187,0.919881305637982,0.970937912813738,0.954828660436137,0.516561779682896,0.269045610051701,0.10137612567694,0.119300680272109,0.044952380952381,1.16034797394645
2006,13814.6,16188.086378849,85.338067,14043.3,228.699999999999,3394.11,10150.86,17972.2,1329.28,13544.97,31517.17,32846.45,3920.2,10536.59,18475.42,1595.14,14456.79,32932.21,34527.35,720.2,1336.59,1475.42,345.14,2056.79,3532.21,3877.35,526.09,385.73,503.22,265.86,911.82,1415.04,1680.9,3832.38,9876.6,16884,1887.48,13708.98,30592.98,32480.46,4426.40223092357,10251.9081924093,17356.7504968785,2264.98167970631,14678.3104233329,32035.0609202114,34300.0425999177,813.197001864996,1300.47747619414,1386.08469080024,490.073458714492,2113.67447805913,3499.75916885937,3989.83262757386,594.022230923571,375.308192409313,472.750496878512,377.501679706307,969.330423332884,1442.0809202114,1819.5825999177,0.885640254880779,1.02776866533017,1.06445155176498,0.704261767012101,0.988036309047063,1.0302092179317,1.01126800544081,0.529143822499443,0.255686737220043,0.102430761657956,0.112072562352521,0.044897432098123,1.1808381352113
2007,14451.9,16538.4542320403,87.38362,14715.5,263.6,3600,11200,19000,1413.6,14800,33800,35213.6,4158,11625.6,19532,1696.32,15783.6,35315.6,37011.92,763.89,1474.74,1559.8,367.03,2238.63,3798.43,4165.46,558,425.6,532,282.72,983.6,1515.6,1798.32,3906.17,10035.9,16965.9,1957.76,13942.07,30907.97,32865.73,4511.62635,10417.2642,17440.9452,2349.312,14928.89055,32369.83575,34719.14775,828.856722583333,1321.45921125,1392.81109578947,508.316817204301,2150.31593383333,3543.12702962281,4051.44384682711,605.45635,381.3642,475.0452,391.552,986.82055,1461.86575,1853.41775,0.921618874754555,1.1159935830369,1.11989343329856,0.722049689440994,1.0615353387266,1.09356906972538,1.07143824281402,0.535087041693139,0.262832568727987,0.104872023747743,0.112379585798817,0.0448402366863905,1.1862265956232
2008,14712.8,16539.8141717118,88.953841,15010.8,298,3566.35,11065.05,17753.32,1503.26,14631.4,32384.72,33887.98,4119.13,11485.52,18250.41,1803.91,15604.65,33855.06,35658.97,519.13,285.52,0.1,390.31,804.65,804.75,1195.06,552.78,420.47,497.09,300.65,973.25,1470.34,1770.99,3981.37,10197.9,17049.9,2030.28,14179.27,31229.17,33259.45,4598.47760542291,10585.4184488999,17527.2943572808,2436.33329883054,15183.8960543228,32711.1904116036,35147.5237104341,579.541718591837,263.144261255033,0.0960378115191975,527.146725649588,842.68597984687,842.782017658389,1369.92874330798,617.107605422911,387.518448899915,477.394357280779,406.053298830542,1004.62605432283,1482.0204116036,1888.07371043415,0.895759499870648,1.08503221251434,1.04125654695922,0.740420040585535,1.03188669092273,1.03700226422924,1.01889778694476,0.52962708172237,0.054697270404002,0.0999361100538307,0.024849682195801,0.045402276135165,1.16647854027124
2009,14448.9,16116.8212937778,89.651053,14642.6,193.700000000001,3533.02,10931.72,16588.44,1598.6,14464.74,31053.18,32651.78,4080.64,11347.13,17052.92,1918.32,15427.77,32480.69,34399.01,514.29,282.08,0.1,415.07,796.37,796.47,1211.54,547.62,415.41,464.48,319.72,963.03,1427.51,1747.23,4057.98,10362.6,17136,2105.88,14420.58,31556.58,33662.46,4686.96908231485,10756.3831984354,17615.8118014714,2527.056,15443.3522807502,33059.1640822216,35586.2200822216,590.706685555134,267.394536998752,0.103300852883092,546.783192543476,858.101222553886,858.20452340677,1404.98771595025,628.989082314847,393.783198435379,479.811801471386,421.176,1022.77228075023,1502.58408222161,1923.76008222161,0.87063514359361,1.05492057977728,0.968046218487395,0.759112580014056,1.00306229014367,0.984047700986609,0.969976050472841,0.510727756105947,0.0551232273737101,0.0987971402667331,0.0256485809182828,0.0459698491426643,1.11762642652222
2010,14992.1,16537.133271771,90.657188,15261.1,269,3500,10800,15500,1700,14300,29800,31500,4042.5,11210.4,15934,2040,15252.9,31186.9,33226.9,509.48,278.68,0.1,441.4,788.16,788.26,1229.66,542.5,410.4,434,340,952.9,1386.9,1726.9,4136,10530,17220,2184,14666,31886,34070,4777.08,10930.14,17702.16,2620.8,15707.22,33409.38,36030.18,602.059794285714,271.713,0.111096774193548,567.069176470588,873.772794285714,873.883891059908,1440.9530675305,641.08,400.14,482.16,436.8,1041.22,1523.38,1960.18,0.846228239845261,1.02564102564103,0.900116144018583,0.778388278388278,0.975044320196372,0.934579439252336,0.924567067801585,0.518633044965533,0.0525783579351792,0.0925087212598635,0.026451677852349,0.0465402684563758,1.12758306776019
2011,15542.6,16810.9414908153,92.455262,15864.3,321.699999999999,3647.1,11120.42,16058.31,1821.38,14767.52,30825.83,32647.21,4212.4,11543,16507.94,2185.66,15755.4,32263.34,34449,712.4,743,1007.94,485.66,1455.4,2463.34,2949,565.3,422.58,449.63,364.28,987.88,1437.51,1801.79,4199.92,10712.25,17465.7,2247.28,14912.17,32377.87,34625.15,4850.90702421102,11119.3193917136,17954.7366851182,2696.74093533475,15970.2264159246,33924.9631010428,36621.7040363776,820.38414301774,715.728520145822,1096.27835419792,599.223668207623,1536.11266316356,2632.39101736148,3231.6146855691,650.987024211017,407.069391713622,489.036685118172,449.460935334746,1058.05641592464,1547.09310104281,1996.55403637756,0.868373683308253,1.03810310625686,0.91941977704873,0.810482004912605,0.990299869167264,0.952064789932136,0.942875626531582,0.519210852684729,0.158489570599514,0.0924883867563985,0.0799115546929312,0.0466332942211126,1.12733032756569
2012,16197,17247.0004945695,93.911982,16508.5,311.5,3800.39,11450.34,16636.72,1951.43,15250.73,31887.45,33838.88,4389.45,11885.45,17102.55,2341.72,16274.9,33377.45,35719.17,742.35,765.03,1044.25,520.34,1507.38,2551.63,3071.97,589.06,435.11,465.83,390.29,1024.17,1490,1880.29,4264.78,10898.55,17713.5,2312.8,15163.33,32876.83,35189.63,4925.82039501209,11312.6921207143,18209.4799590905,2775.36474072859,16238.5125157264,34447.9924748169,37223.3572155455,833.061720770763,728.163330215522,1111.8370913858,616.697679137863,1561.22505098628,2673.06214237209,3289.75982150995,661.040395012091,414.142120714319,495.979959090494,462.564740728594,1075.18251572641,1571.1624748169,2033.7272155455,0.891110444149522,1.05062967091953,0.939211335986677,0.843752161881702,1.00576390542183,0.969906466043107,0.961615112179355,0.524594387432411,0.157537198246589,0.091992344261283,0.0800198824302351,0.0467268470824729,1.13741509909561
2013,16785,17650.3381882612,95.097328,17101.5,316.5,3960.12,11790.05,17235.97,2090.77,15750.17,32986.14,35076.91,4573.94,12238.07,17718.58,2508.92,16812.01,34530.59,37039.51,773.55,787.73,1081.86,557.49,1561.28,2643.14,3200.63,613.82,448.02,482.61,418.15,1061.84,1544.45,1962.6,4330.58,11087.55,17965.5,2379.72,15418.13,33383.63,35763.35,5001.82143096674,11508.8751132099,18468.5369602059,2855.65944718931,16510.6965441766,34979.2335043825,37834.8929515718,845.913800339384,740.793784716774,1127.65082731056,634.536607469975,1586.70758505616,2714.35841236672,3348.89501983669,671.241430966738,421.325113209868,503.036960205895,475.939447189313,1092.56654417661,1595.6035043825,2071.54295157181,0.914454876713974,1.06335935350912,0.959392724945034,0.878578152051502,1.02153568558574,0.988093266070826,0.980806048650364,0.528712371550404,0.15747036044087,0.0920137027107537,0.0801288056135092,0.046821180047135,1.14477814029725
2014,17527.3,18151.3941201281,96.561729,17878,350.700000000001,4126.56,12139.83,17856.8,2240.06,16266.39,34123.19,36363.25,4766.18,12601.14,18356.79,2688.07,17367.32,35724.11,38412.18,806.06,811.1,1120.82,597.3,1617.16,2737.98,3335.28,639.62,461.31,499.99,448.01,1100.93,1600.92,2048.93,4397.32,11279.25,18221.7,2448.88,15676.57,33898.27,36347.15,5078.90800996472,11707.8582109469,18731.9071918261,2938.65381355857,16786.7662209117,35518.6734127377,38457.3272262963,858.948799775115,753.601959417883,1143.7237239595,652.980734444613,1612.550759193,2756.2744831525,3409.25521759711,681.588009964716,428.608210946941,510.207191826083,489.773813558565,1110.19622091166,1620.40341273774,2110.17722629631,0.938426132280571,1.07629762617195,0.979974426096358,0.914728365620202,1.03762430174458,1.00663514686738,1.00044295082283,0.535466680751794,0.156212308798275,0.0913386545560354,0.0802381020062896,0.046915895026227,1.15786770448689
2015,18224.8,18705.769478919,97.428764,18561.3,336.5,4300,12500,18500,2400,16800,35300,37700,4966.5,12975,19018,2880,17941.5,36959.5,39839.5,839.94,835.17,1161.2,639.94,1675.11,2836.31,3476.25,666.5,475,518,480,1141.5,1659.5,2139.5,4465,11475,18480,2520,15940,34420,36940,5157.075,11911.05,18997.44,3024,17068.125,36065.565,39089.565,872.170255813954,766.68606,1159.94464864865,671.937,1638.85631581395,2798.8009644626,3470.7379644626,692.075,436.05,517.44,504,1128.125,1645.565,2149.565,0.963045912653975,1.08932461873638,1.00108225108225,0.952380952380952,1.05395232120452,1.02556653108658,1.0205739036275,0.543456405546746,0.155629142706641,0.0910572406830253,0.0803487252124646,0.0470113314447592,1.17351125965615
2016,18715,19031.2096381245,98.338468,19018.7,303.700000000001,4495.55,12990.38,19710.4,2592.3,17485.93,37196.33,39788.63,5192.36,13484.01,20262.29,3110.76,18676.37,38938.66,42049.42,892.36,984.01,1762.29,710.76,1876.37,3638.66,4349.42,696.81,493.63,551.89,518.46,1190.44,1742.33,2260.79,4581.09,12447,19700.1,2656.36,17028.09,36728.19,39384.55,5291.15869524307,12919.9817457226,20251.7016006271,3187.632,18211.1404409657,38462.8420415928,41650.4740415928,909.339562990068,942.849437044952,1761.36908581257,728.324049531304,1852.18900003502,3613.55808584759,4341.88213537889,710.068695243074,472.981745722604,551.60160062708,531.272,1183.05044096568,1734.65204159276,2265.92404159276,0.981327587975788,1.0436554993171,1.00052283998558,0.97588429279164,1.02688733733496,1.01274606780242,1.01025986078297,0.518163558784805,0.194424792946834,0.0930980496927598,0.0978230916867336,0.0468414491429665,1.11763619044323
2017,19543,19543,100,19882.9,339.900000000001,4700,13500,21000,2800,18200,39200,42000,5428.5,14013,21588,3360,19441.5,41029.5,44389.5,932.95,1022.62,1877.6,767.7,1955.57,3833.17,4600.87,728.5,513,588,560,1241.5,1829.5,2389.5,4700,13500,21000,2800,18200,39200,42000,5428.5,14013,21588,3360,19441.5,41029.5,44389.5,932.95,1022.62,1877.6,767.7,1955.57,3833.17,4600.87,728.5,513,588,560,1241.5,1829.5,2389.5,1,1,1,1,1,1,1,0.498545918367347,0.196140305991915,0.0936140817684081,0.0977849489795918,0.0466709183673469,1.07379120879121
2018,20612.4,20188.4090888389,102.10017,20969.1,356.699999999997,4861.08,14075.15,22404.04,2987.2,18936.23,41340.27,44327.47,5614.55,14610.01,23031.35,3584.64,20224.56,43255.91,46840.55,914.55,1110.01,2031.35,784.64,2024.56,4055.91,4840.55,753.47,534.86,627.31,597.44,1288.33,1915.64,2513.08,4880.95,13721.4,21546,2958.76,18602.35,40148.35,43107.11,5637.49986062768,14242.8173919283,22149.2849994912,3550.512,19880.317252556,42029.6022520472,45580.1142520472,918.288286245032,1082.11217741907,1953.55244411276,777.169739689341,2000.4004636641,3953.95290777686,4731.1226474662,756.549860627679,521.417391928328,603.284999491163,591.752,1277.96725255601,1881.25225204717,2473.00425204717,0.995929071184913,1.02578089699302,1.03982363315697,1.00961213481323,1.01794826997664,1.02968789501935,1.02830994701338,0.502845299715652,0.196770390638645,0.0929362907764258,0.0981103896999221,0.0463383524103737,1.08526122177246
2019,21433.2,20650.5714276685,103.789864,21795.6,362.399999999998,5027.69,14674.8,23901.94,3186.93,19702.49,43604.43,46791.36,5806.98,15232.44,24571.19,3824.32,21039.42,45610.61,49434.93,945.89,1157.29,2167.16,837.11,2103.18,4270.34,5107.45,779.29,557.64,669.25,637.39,1336.93,2006.18,2643.57,5068.95,13946.85,22104.6,3126.76,19015.8,41120.4,44247.16,5854.63528399722,14476.8280190531,22723.5248048485,3752.11592447904,20331.4633030503,43054.9881078988,46807.1040323778,953.652495579481,1099.88211331671,2004.19735536111,821.305163150744,2053.53460889619,4057.7319642573,4879.03712740804,785.685283997223,529.978019053071,618.924804848477,625.355924479044,1315.66330305029,1934.58810789877,2559.94403237781,0.991860247191233,1.05219458157218,1.08131067741556,1.01924356202587,1.03611154934318,1.06040870224998,1.05749973557625,0.502197727348676,0.199239497601851,0.0936015154060056,0.0979336273860248,0.046008628022428,1.08596911135311
2020,21060.5,20038.4096555972,105.100656,21362.4,301.900000000001,5200,15300,25500,3400,20500,46000,49400,6006,15881.4,26214,4080,21887.4,48101.4,52181.4,978.31,1206.6,2312.06,893.07,2184.91,4496.97,5390.04,806,581.4,714,680,1387.4,2101.4,2781.4,5264,14175,22680,3304,19439,42119,45423,6079.92,14713.65,23315.04,3964.8,20793.57,44108.61,48073.41,990.350738461538,1117.87941176471,2056.37336470588,867.853905882353,2108.23015022624,4164.60351493213,5032.45742081448,815.92,538.65,635.04,660.8,1354.57,1989.61,2650.41,0.987841945288754,1.07936507936508,1.12433862433862,1.02905569007264,1.05458099696486,1.09214368812175,1.08755476300553,0.475757013594748,0.213526269556753,0.099779207521189,0.0977602173913043,0.0456826086956522,1.03083541620439
2021,23315.1,21290.3700530784,109.510074,23637.9,322.800000000003,5513.99,16588.45,27504.9,3676.85,22102.44,49607.34,53284.19,6368.66,17218.81,28275.04,4412.22,23587.47,51862.51,56274.73,1168.66,1918.81,2775.04,1012.22,3087.47,5862.51,6874.73,854.67,630.36,770.14,735.37,1485.03,2255.17,2990.54,5460.46,14482.8,23360.4,3497.76,19943.26,43303.66,46801.42,6306.83283495255,15033.1454396282,24014.4935780897,4197.312,21339.9782745807,45354.4718526704,49551.7838526704,1157.31460949331,1675.24641952684,2356.8907509571,962.917341528754,2832.56102902015,5189.45177997725,6152.369121506,846.372834952548,550.345439628175,654.093578089722,699.552,1396.71827458072,2050.81185267045,2750.36385267045,1.00980320339312,1.14538970364847,1.17741562644475,1.05120134028635,1.10826615107059,1.14556921978419,1.13851652364394,0.491652900772785,0.251446916376082,0.0967257271038941,0.118178277650041,0.0454604096893726,1.06754713387272
2022,25462.7,21865.663075608,116.450619,25843.5,380.799999999999,5846.94,17985.4,29667.44,3976.23,23832.34,53499.78,57476.01,6753.22,18668.85,30498.13,4771.48,25422.07,55920.2,60691.68,1239.23,2080.4,2993.23,1094.64,3319.63,6312.86,7407.5,906.28,683.45,830.69,795.25,1589.73,2420.42,3215.67,5663.97,14798.7,24059.7,3703,20462.67,44522.37,48225.37,6541.88951543884,15361.0545495235,24733.3729624464,4443.60372513662,21902.9440649624,46636.3170274087,51079.9207525453,1200.45041390881,1711.7893113303,2427.44961584147,1019.42088863069,2912.23972523912,5339.68934108059,6359.11022971128,877.919515438845,562.354549523502,673.672962446372,740.603725136624,1440.27406496235,2113.94702740872,2854.55075254534,1.03230419652646,1.21533648225858,1.23307605664244,1.07378611936268,1.16467401370398,1.20163818772451,1.19182102698227,0.491116332657224,0.247925789488153,0.0950574762299363,0.117997868402449,0.0452416813676617,1.06856353914753
2023,27360.9,22812.9499854364,119.935826,27820.8,459.899999999998,6200,19500,32000,4300,25700,57700,62000,7161,20241,32896,5160,27402,60298,65458,1314.06,2255.6,3228.56,1183.77,3569.66,6798.22,7981.99,961,741,896,860,1702,2598,3458,5875,15120,24780,3920,20995,45775,49695,6785.625,15694.56,25473.84,4704,22480.185,47954.025,52658.025,1245.17782258065,1748.95753846154,2500.11615,1079.15776744186,2994.13536104218,5494.25151104218,6573.40927848404,910.625,574.56,693.84,784,1485.185,2179.025,2963.025,1.05531914893617,1.28968253968254,1.29136400322841,1.0969387755102,1.22410097642296,1.2605133806663,1.24761042358386,0.498371381440446,0.248464780032821,0.094953016896374,0.117820103986135,0.0450259965337955,1.08658966351209
