"p","q","case","s","neg2logL","k_total","T_eff","logLik","AIC","BIC","HQ","AICc","ICOMP","ICOMP_Misspec","admissible","converged","rank_ok","stable","boundsJo_stat","boundsJo_cval","max_eig_mod","theta_hat","alpha_y","alpha_k","s_K","m","r","d","h","failed","error_msg","RICOMP","spec_idx","spec_id"
1,"d0","d0","h0",-567.416724482644,2,64,283.708362241322,-563.416724482644,-559.098958315925,-561.715738288059,-563.220003171169,-567.059591281408,NA,FALSE,TRUE,FALSE,TRUE,16.3034037053064,17.95,0.999999999999999,0.895176055010813,0.0501059208647379,0.0598910420287405,NA,2,1,"d0","h0",FALSE,"",NA,1,"p1_d0_h0"
1,"d0","d0","h1",-572.801485604336,4,64,286.400742802168,-564.801485604336,-556.165953270897,-561.399513215165,-564.123519502641,-569.673001326466,NA,TRUE,TRUE,TRUE,TRUE,18.7367063187349,17.95,1.00000000000001,0.916923708131773,0.0917779271798248,0.100853603848352,NA,2,1,"d0","h1",FALSE,"",NA,2,"p1_d0_h1"
1,"d0","d0","h2",-578.003647774701,8,64,289.00182388735,-562.003647774701,-544.732583107823,-555.199702996358,-559.385465956519,-567.801937021568,NA,FALSE,TRUE,TRUE,FALSE,22.4950385982814,17.95,1.0028264314498,0.911556769921659,0.0954675701789838,0.101629587740483,NA,2,1,"d0","h2",FALSE,"",NA,3,"p1_d0_h2"
1,"d1","d1","h0",NA,NA,NA,NA,NA,NA,NA,NA,NA,NA,FALSE,FALSE,FALSE,FALSE,NA,NA,NA,NA,NA,NA,NA,2,1,"d1","h0",TRUE,"argumentos no compatibles",NA,4,"p1_d1_h0"
1,"d1","d1","h1",NA,NA,NA,NA,NA,NA,NA,NA,NA,NA,FALSE,FALSE,FALSE,FALSE,NA,NA,NA,NA,NA,NA,NA,2,1,"d1","h1",TRUE,"argumentos no compatibles",NA,5,"p1_d1_h1"
1,"d1","d1","h2",NA,NA,NA,NA,NA,NA,NA,NA,NA,NA,FALSE,FALSE,FALSE,FALSE,NA,NA,NA,NA,NA,NA,NA,2,1,"d1","h2",TRUE,"argumentos no compatibles",NA,6,"p1_d1_h2"
1,"d2","d2","h0",-575.284935320542,4,64,287.642467660271,-567.284935320542,-558.649402987103,-563.882962931371,-566.606969218847,-560.083422999645,NA,FALSE,TRUE,FALSE,TRUE,16.3034037053064,17.95,1,0.792531549295661,-0.0552956133363508,0.109533380296487,NA,2,1,"d2","h0",FALSE,"",NA,7,"p1_d2_h0"
1,"d2","d2","h1",-582.693287387443,6,64,291.346643693722,-570.693287387443,-557.739988887285,-565.590328803686,-569.219603176917,-567.83566837219,NA,TRUE,TRUE,TRUE,TRUE,18.7367063187349,17.95,1,0.891713017945978,-0.0538176411878779,0.127826783280496,NA,2,1,"d2","h1",FALSE,"",NA,8,"p1_d2_h1"
1,"d2","d2","h2",-590.827530795272,10,64,295.413765397636,-570.827530795272,-549.238699961675,-562.322599822344,-566.676587399045,-557.123627714928,NA,TRUE,TRUE,TRUE,TRUE,22.4950385982814,17.95,1,0.798171425026046,-0.0540508794007453,0.147855448320979,NA,2,1,"d2","h2",FALSE,"",NA,9,"p1_d2_h2"
1,"d3","d3","h0",-585.56642537906,6,64,292.78321268953,-573.56642537906,-560.613126878902,-568.463466795303,-572.092741168534,-523.041493049874,NA,FALSE,TRUE,FALSE,TRUE,16.3034037053064,17.95,1,-0.310123000537145,-0.184023525960635,0.119062012335845,NA,2,1,"d3","h0",FALSE,"",NA,10,"p1_d3_h0"
1,"d3","d3","h1",-585.846393097389,8,64,292.923196548695,-569.846393097389,-552.575328430512,-563.042448319047,-567.228211279207,-507.013254693622,NA,TRUE,TRUE,TRUE,TRUE,18.7367063187349,17.95,1,-0.605236264900198,-0.209602773183749,0.106449155219744,NA,2,1,"d3","h1",FALSE,"",NA,11,"p1_d3_h1"
1,"d3","d3","h2",-595.595716612613,12,64,297.797858306306,-571.595716612613,-545.689119612297,-561.389799445099,-565.478069553789,-487.964364378418,NA,TRUE,TRUE,TRUE,TRUE,22.4950385982814,17.95,1,-0.555096884813229,-0.262855584649631,0.115656739610504,NA,2,1,"d3","h2",FALSE,"",NA,12,"p1_d3_h2"
2,"d0","d0","h0",-574.330310972214,6,63,287.165155486107,-562.330310972214,-549.471502613865,-557.27287879291,-560.830310972214,-562.183164137145,NA,FALSE,TRUE,FALSE,TRUE,16.3034037053064,17.95,1,0.892559464233386,0.0852422094195909,0.0551734989734258,NA,2,1,"d0","h0",FALSE,"",NA,13,"p2_d0_h0"
2,"d0","d0","h1",-577.33064558867,8,63,288.665322794335,-561.33064558867,-544.185567777538,-554.587402682932,-558.663978922004,-556.915417803925,NA,TRUE,TRUE,TRUE,TRUE,18.7367063187349,17.95,1.00000000000002,0.913045009530258,0.135600792525813,0.0964658996096041,NA,2,1,"d0","h1",FALSE,"",NA,14,"p2_d0_h1"
2,"d0","d0","h2",-583.691046736381,12,63,291.84552336819,-559.691046736381,-533.973430019682,-549.576182377773,-553.451046736381,-549.622760715411,NA,TRUE,TRUE,TRUE,TRUE,22.4950385982814,17.95,0.999999999999999,0.908785631084781,0.130821062371683,0.10903088593847,NA,2,1,"d0","h2",FALSE,"",NA,15,"p2_d0_h2"
2,"d1","d1","h0",NA,NA,NA,NA,NA,NA,NA,NA,NA,NA,FALSE,FALSE,FALSE,FALSE,NA,NA,NA,NA,NA,NA,NA,2,1,"d1","h0",TRUE,"argumentos no compatibles",NA,16,"p2_d1_h0"
2,"d1","d1","h1",NA,NA,NA,NA,NA,NA,NA,NA,NA,NA,FALSE,FALSE,FALSE,FALSE,NA,NA,NA,NA,NA,NA,NA,2,1,"d1","h1",TRUE,"argumentos no compatibles",NA,17,"p2_d1_h1"
2,"d1","d1","h2",NA,NA,NA,NA,NA,NA,NA,NA,NA,NA,FALSE,FALSE,FALSE,FALSE,NA,NA,NA,NA,NA,NA,NA,2,1,"d1","h2",TRUE,"argumentos no compatibles",NA,18,"p2_d1_h2"
2,"d2","d2","h0",-580.695303545602,8,63,290.347651772801,-564.695303545602,-547.55022573447,-557.952060639864,-562.028636878936,-562.956729748761,NA,FALSE,TRUE,FALSE,TRUE,16.3034037053064,17.95,1,0.814669264198662,0.020540211847233,0.121821469428316,NA,2,1,"d2","h0",FALSE,"",NA,19,"p2_d2_h0"
2,"d2","d2","h1",-586.717958895068,10,63,293.358979447534,-566.717958895068,-545.286611631153,-558.288905262895,-562.487189664299,-560.990829514743,NA,TRUE,TRUE,TRUE,TRUE,18.7367063187349,17.95,1,0.898949691267666,0.0179693987614238,0.143477469196644,NA,2,1,"d2","h1",FALSE,"",NA,20,"p2_d2_h1"
2,"d2","d2","h2",-597.284428279568,14,63,298.642214139784,-569.284428279568,-539.280542110087,-557.483753194526,-560.534428279568,-555.888551773203,NA,TRUE,TRUE,TRUE,TRUE,22.4950385982814,17.95,1,0.808710014100017,0.00433314637362174,0.174669745583592,NA,2,1,"d2","h2",FALSE,"",NA,21,"p2_d2_h2"
2,"d3","d3","h0",-583.639924326144,10,63,291.819962163072,-563.639924326144,-542.208577062229,-555.210870693971,-559.409155095375,-523.33554612018,NA,FALSE,TRUE,FALSE,TRUE,16.3034037053064,17.95,0.999999999999999,0.274700312752066,-0.0267964104577863,0.14816468013726,NA,2,1,"d3","h0",FALSE,"",NA,22,"p2_d3_h0"
2,"d3","d3","h1",-588.266432197814,12,63,294.133216098907,-564.266432197814,-538.548815481116,-554.151567839206,-558.026432197814,-510.028550412487,NA,TRUE,TRUE,TRUE,TRUE,18.7367063187349,17.95,1,2.49682802285517,0.0465973200680653,0.0957072791883213,NA,2,1,"d3","h1",FALSE,"",NA,23,"p2_d3_h1"
2,"d3","d3","h2",-597.572056614236,16,63,298.786028307118,-565.572056614236,-531.281900991971,-552.085570802759,-553.745969657714,-540.348512612546,NA,TRUE,TRUE,TRUE,TRUE,22.4950385982814,17.95,1,0.918989059526546,0.00338128290757108,0.168680675306275,NA,2,1,"d3","h2",FALSE,"",NA,24,"p2_d3_h2"
3,"d0","d0","h0",-582.948636288472,10,62,291.474318144236,-562.948636288472,-541.677292438021,-554.596970035568,-558.634910798276,-567.781196678222,NA,FALSE,TRUE,FALSE,TRUE,13.0432644577462,17.95,0.99999999999999,0.882708222302688,0.0982300017236835,0.0363837818524984,NA,2,1,"d0","h0",FALSE,"",NA,25,"p3_d0_h0"
3,"d0","d0","h1",-584.294956257054,12,62,292.147478128527,-560.294956257054,-534.769343636513,-550.272956753569,-553.927609318279,-559.221250058438,NA,FALSE,TRUE,FALSE,FALSE,11.8229637622955,17.95,1.00361008361947,0.888898245591569,0.111420916906537,0.0392705143711142,NA,2,1,"d0","h1",FALSE,"",NA,26,"p3_d0_h1"
3,"d0","d0","h2",-595.776506127053,16,62,297.888253063527,-563.776506127053,-529.742355966332,-550.413840122407,-551.687617238165,-555.33557321187,NA,FALSE,TRUE,FALSE,FALSE,13.1150609160697,17.95,1.00862501821665,0.868911729652911,0.108323007581939,0.0375162209428301,NA,2,1,"d0","h2",FALSE,"",NA,27,"p3_d0_h2"
3,"d1","d1","h0",NA,NA,NA,NA,NA,NA,NA,NA,NA,NA,FALSE,FALSE,FALSE,FALSE,NA,NA,NA,NA,NA,NA,NA,2,1,"d1","h0",TRUE,"argumentos no compatibles",NA,28,"p3_d1_h0"
3,"d1","d1","h1",NA,NA,NA,NA,NA,NA,NA,NA,NA,NA,FALSE,FALSE,FALSE,FALSE,NA,NA,NA,NA,NA,NA,NA,2,1,"d1","h1",TRUE,"argumentos no compatibles",NA,29,"p3_d1_h1"
3,"d1","d1","h2",NA,NA,NA,NA,NA,NA,NA,NA,NA,NA,FALSE,FALSE,FALSE,FALSE,NA,NA,NA,NA,NA,NA,NA,2,1,"d1","h2",TRUE,"argumentos no compatibles",NA,30,"p3_d1_h2"
3,"d2","d2","h0",-586.342938177863,12,62,293.171469088931,-562.342938177863,-536.817325557322,-552.320938674377,-555.975591239087,-564.805182796016,NA,FALSE,TRUE,FALSE,TRUE,13.0432644577462,17.95,1,0.738804245154994,-0.0512080011309732,0.0632108775826403,NA,2,1,"d2","h0",FALSE,"",NA,31,"p3_d2_h0"
3,"d2","d2","h1",-592.348896545708,14,62,296.174448272854,-564.348896545708,-534.569015155077,-552.656563791642,-555.412726332942,-563.191519031227,NA,FALSE,TRUE,FALSE,TRUE,11.8229637622955,17.95,0.999999999999999,0.891831849633178,0.0348974323022413,0.113911403569275,NA,2,1,"d2","h1",FALSE,"",NA,32,"p3_d2_h1"
3,"d2","d2","h2",-605.943961121211,18,62,302.971980560606,-569.943961121211,-531.6555421904,-554.910961865983,-554.036984377025,-559.795679501298,NA,FALSE,TRUE,FALSE,TRUE,13.1150609160697,17.95,1,0.783850435654778,0.0485711241681672,0.14206871077046,NA,2,1,"d2","h2",FALSE,"",NA,33,"p3_d2_h2"
3,"d3","d3","h0",-592.655563709887,14,62,296.327781854944,-564.655563709887,-534.875682319256,-552.963230955821,-555.719393497121,-516.643837035246,NA,FALSE,TRUE,FALSE,TRUE,13.0432644577462,17.95,1,-0.00790149902093915,-0.0500090151154514,0.118985649888861,NA,2,1,"d3","h0",FALSE,"",NA,34,"p3_d3_h0"
3,"d3","d3","h1",-595.762765277708,16,62,297.881382638854,-563.762765277708,-529.728615116986,-550.400099273061,-551.673876388819,-484.46534027969,NA,FALSE,TRUE,FALSE,TRUE,11.8229637622955,17.95,1,22.0110710712503,0.0144566561384795,0.0096502569685517,NA,2,1,"d3","h1",FALSE,"",NA,35,"p3_d3_h1"
3,"d3","d3","h2",-605.98489753577,20,62,302.992448767885,-565.98489753577,-523.442209834869,-549.281565029962,-545.497092657722,-542.665451136215,NA,FALSE,TRUE,FALSE,TRUE,13.1150609160697,17.95,1,0.884710723178199,0.0489371235460767,0.137509015613068,NA,2,1,"d3","h2",FALSE,"",NA,36,"p3_d3_h2"
4,"d0","d0","h0",-585.477540348357,14,61,292.738770174178,-557.477540348357,-527.925306249931,-545.895742850367,-548.347105565748,-568.067333081779,NA,TRUE,TRUE,TRUE,TRUE,19.2144226750453,17.95,1.00000000000002,0.888523777859999,0.10482444697379,0.0282955652975386,NA,2,1,"d0","h0",FALSE,"",NA,37,"p4_d0_h0"
4,"d0","d0","h1",-588.55650455084,16,61,294.27825227542,-556.55650455084,-522.782522724067,-543.320164553138,-544.192868187204,-561.841046429292,NA,FALSE,TRUE,TRUE,FALSE,19.3827193463112,17.95,1.00182703807285,0.911353554097339,0.16930899752143,0.0691440771125975,NA,2,1,"d0","h1",FALSE,"",NA,38,"p4_d0_h1"
4,"d0","d0","h2",-595.843078020882,20,61,297.921539010441,-555.843078020882,-513.625600737415,-539.297653023754,-534.843078020882,-551.502058108441,NA,FALSE,TRUE,TRUE,FALSE,19.0547637033923,17.95,1.01801603581803,0.88741017085504,0.145855213897255,0.0373093604035362,NA,2,1,"d0","h2",FALSE,"",NA,39,"p4_d0_h2"
4,"d1","d1","h0",NA,NA,NA,NA,NA,NA,NA,NA,NA,NA,FALSE,FALSE,FALSE,FALSE,NA,NA,NA,NA,NA,NA,NA,2,1,"d1","h0",TRUE,"argumentos no compatibles",NA,40,"p4_d1_h0"
4,"d1","d1","h1",NA,NA,NA,NA,NA,NA,NA,NA,NA,NA,FALSE,FALSE,FALSE,FALSE,NA,NA,NA,NA,NA,NA,NA,2,1,"d1","h1",TRUE,"argumentos no compatibles",NA,41,"p4_d1_h1"
4,"d1","d1","h2",NA,NA,NA,NA,NA,NA,NA,NA,NA,NA,FALSE,FALSE,FALSE,FALSE,NA,NA,NA,NA,NA,NA,NA,2,1,"d1","h2",TRUE,"argumentos no compatibles",NA,42,"p4_d1_h2"
4,"d2","d2","h0",-594.848369326696,16,61,297.424184663348,-562.848369326696,-529.074387499923,-549.612029328994,-550.48473296306,-570.519955963132,NA,TRUE,TRUE,TRUE,TRUE,19.2144226750453,17.95,1,0.77567209958655,0.0121788699128761,0.120308010810376,NA,2,1,"d2","h0",FALSE,"",NA,43,"p4_d2_h0"
4,"d2","d2","h1",-601.677881866897,18,61,300.838940933449,-565.677881866897,-527.682152311778,-550.786999369482,-549.392167581183,-568.150136830667,NA,TRUE,TRUE,TRUE,TRUE,19.3827193463112,17.95,1,0.862479288948024,0.0599673521300411,0.147991851028283,NA,2,1,"d2","h1",FALSE,"",NA,44,"p4_d2_h1"
4,"d2","d2","h2",-612.031667415595,22,61,306.015833707797,-568.031667415595,-521.592442403782,-549.831699918754,-541.400088468226,-560.937627535771,NA,TRUE,TRUE,TRUE,TRUE,19.0547637033923,17.95,0.999999999999999,0.798010622844633,0.0810574064219094,0.168309731137798,NA,2,1,"d2","h2",FALSE,"",NA,45,"p4_d2_h2"
4,"d3","d3","h0",-600.220401389264,18,61,300.110200694632,-564.220401389264,-526.224671834145,-549.329518891849,-547.93468710355,-529.409198507721,NA,TRUE,TRUE,TRUE,TRUE,19.2144226750453,17.95,1,0.282763288895834,0.0273368902083675,0.160978082751074,NA,2,1,"d3","h0",FALSE,"",NA,46,"p4_d3_h0"
4,"d3","d3","h1",-603.831864070152,20,61,301.915932035076,-563.831864070152,-521.614386786686,-547.286439073025,-542.831864070152,-521.066705757842,NA,TRUE,TRUE,TRUE,TRUE,19.3827193463112,17.95,1,2.04022798964387,0.0809194790202992,0.101003010493569,NA,2,1,"d3","h1",FALSE,"",NA,47,"p4_d3_h1"
4,"d3","d3","h2",-612.069040508157,24,61,306.034520254079,-564.069040508157,-513.408067767998,-544.214530511604,-530.735707174824,-536.661391960772,NA,TRUE,TRUE,TRUE,TRUE,19.0547637033923,17.95,0.999999999999999,0.735751824719422,0.0727912009238129,0.172551576785321,NA,2,1,"d3","h2",FALSE,"",NA,48,"p4_d3_h2"
