"year","asset","K_net_cc","K_gross_cc","K_net_chain","K_net_real","IG_cc","IG_real","D_cc","D_real","p_K"
1925,"Defense_IP",0.9,NA,NA,NA,NA,NA,NA,NA,NA
1926,"Defense_IP",0.97,NA,NA,NA,NA,NA,NA,NA,NA
1927,"Defense_IP",1.04,NA,NA,NA,NA,NA,NA,NA,NA
1928,"Defense_IP",1.12,NA,NA,NA,NA,NA,NA,NA,NA
1929,"Defense_IP",1.2,NA,NA,NA,NA,NA,NA,NA,NA
1930,"Defense_IP",1.27,NA,NA,NA,NA,NA,NA,NA,NA
1931,"Defense_IP",1.35,NA,NA,NA,NA,NA,NA,NA,NA
1932,"Defense_IP",1.42,NA,NA,NA,NA,NA,NA,NA,NA
1933,"Defense_IP",1.51,NA,NA,NA,NA,NA,NA,NA,NA
1934,"Defense_IP",1.6,NA,NA,NA,NA,NA,NA,NA,NA
1935,"Defense_IP",1.69,NA,NA,NA,NA,NA,NA,NA,NA
1936,"Defense_IP",1.79,NA,NA,NA,NA,NA,NA,NA,NA
1937,"Defense_IP",1.9,NA,NA,NA,NA,NA,NA,NA,NA
1938,"Defense_IP",2.01,NA,NA,NA,NA,NA,NA,NA,NA
1939,"Defense_IP",2.13,NA,NA,NA,NA,NA,NA,NA,NA
1940,"Defense_IP",2.25,NA,NA,NA,NA,NA,NA,NA,NA
1941,"Defense_IP",3.41,NA,NA,NA,NA,NA,NA,NA,NA
1942,"Defense_IP",5.17,NA,NA,NA,NA,NA,NA,NA,NA
1943,"Defense_IP",7.83,NA,NA,NA,NA,NA,NA,NA,NA
1944,"Defense_IP",11.88,NA,NA,NA,NA,NA,NA,NA,NA
1945,"Defense_IP",18,NA,NA,NA,NA,NA,NA,NA,NA
1946,"Defense_IP",16.6,NA,NA,NA,NA,NA,NA,NA,NA
1947,"Defense_IP",15.31,NA,NA,NA,NA,NA,NA,NA,NA
1948,"Defense_IP",14.11,NA,NA,NA,NA,NA,NA,NA,NA
1949,"Defense_IP",13.01,NA,NA,NA,NA,NA,NA,NA,NA
1950,"Defense_IP",12,NA,NA,NA,NA,NA,NA,NA,NA
1951,"Defense_IP",13.61,NA,NA,NA,NA,NA,NA,NA,NA
1952,"Defense_IP",15.43,NA,NA,NA,NA,NA,NA,NA,NA
1953,"Defense_IP",17.5,NA,NA,NA,NA,NA,NA,NA,NA
1954,"Defense_IP",19.84,NA,NA,NA,NA,NA,NA,NA,NA
1955,"Defense_IP",22.5,NA,NA,NA,NA,NA,NA,NA,NA
1956,"Defense_IP",24.51,NA,NA,NA,NA,NA,NA,NA,NA
1957,"Defense_IP",26.7,NA,NA,NA,NA,NA,NA,NA,NA
1958,"Defense_IP",29.08,NA,NA,NA,NA,NA,NA,NA,NA
1959,"Defense_IP",31.67,NA,NA,NA,NA,NA,NA,NA,NA
1960,"Defense_IP",34.5,NA,NA,NA,NA,NA,NA,NA,NA
1961,"Defense_IP",35.62,NA,NA,NA,NA,NA,NA,NA,NA
1962,"Defense_IP",36.79,NA,NA,NA,NA,NA,NA,NA,NA
1963,"Defense_IP",37.98,NA,NA,NA,NA,NA,NA,NA,NA
1964,"Defense_IP",39.22,NA,NA,NA,NA,NA,NA,NA,NA
1965,"Defense_IP",40.5,NA,NA,NA,NA,NA,NA,NA,NA
1966,"Defense_IP",41.63,NA,NA,NA,NA,NA,NA,NA,NA
1967,"Defense_IP",42.8,NA,NA,NA,NA,NA,NA,NA,NA
1968,"Defense_IP",44,NA,NA,NA,NA,NA,NA,NA,NA
1969,"Defense_IP",45.23,NA,NA,NA,NA,NA,NA,NA,NA
1970,"Defense_IP",46.5,NA,NA,NA,NA,NA,NA,NA,NA
1971,"Defense_IP",48.43,NA,NA,NA,NA,NA,NA,NA,NA
1972,"Defense_IP",50.45,NA,NA,NA,NA,NA,NA,NA,NA
1973,"Defense_IP",52.54,NA,NA,NA,NA,NA,NA,NA,NA
1974,"Defense_IP",54.73,NA,NA,NA,NA,NA,NA,NA,NA
1975,"Defense_IP",57,NA,NA,NA,NA,NA,NA,NA,NA
1976,"Defense_IP",61.37,NA,NA,NA,NA,NA,NA,NA,NA
1977,"Defense_IP",66.09,NA,NA,NA,NA,NA,NA,NA,NA
1978,"Defense_IP",71.16,NA,NA,NA,NA,NA,NA,NA,NA
1979,"Defense_IP",76.62,NA,NA,NA,NA,NA,NA,NA,NA
1980,"Defense_IP",82.5,NA,NA,NA,NA,NA,NA,NA,NA
1981,"Defense_IP",90,NA,NA,NA,NA,NA,NA,NA,NA
1982,"Defense_IP",98.19,NA,NA,NA,NA,NA,NA,NA,NA
1983,"Defense_IP",107.12,NA,NA,NA,NA,NA,NA,NA,NA
1984,"Defense_IP",116.87,NA,NA,NA,NA,NA,NA,NA,NA
1985,"Defense_IP",127.5,NA,NA,NA,NA,NA,NA,NA,NA
1986,"Defense_IP",133,NA,NA,NA,NA,NA,NA,NA,NA
1987,"Defense_IP",138.75,NA,NA,NA,NA,NA,NA,NA,NA
1988,"Defense_IP",144.73,NA,NA,NA,NA,NA,NA,NA,NA
1989,"Defense_IP",150.98,NA,NA,NA,NA,NA,NA,NA,NA
1990,"Defense_IP",157.5,NA,NA,NA,NA,NA,NA,NA,NA
1991,"Defense_IP",152.72,NA,NA,NA,NA,NA,NA,NA,NA
1992,"Defense_IP",148.08,NA,NA,NA,NA,NA,NA,NA,NA
1993,"Defense_IP",143.59,NA,NA,NA,NA,NA,NA,NA,NA
1994,"Defense_IP",139.23,NA,NA,NA,NA,NA,NA,NA,NA
1995,"Defense_IP",135,NA,NA,NA,NA,NA,NA,NA,NA
1996,"Defense_IP",133.47,NA,NA,NA,NA,NA,NA,NA,NA
1997,"Defense_IP",131.95,NA,NA,NA,NA,NA,NA,NA,NA
1998,"Defense_IP",130.45,NA,NA,NA,NA,NA,NA,NA,NA
1999,"Defense_IP",128.97,NA,NA,NA,NA,NA,NA,NA,NA
2000,"Defense_IP",127.5,NA,NA,NA,NA,NA,NA,NA,NA
2001,"Defense_IP",131.71,NA,NA,NA,NA,NA,NA,NA,NA
2002,"Defense_IP",136.06,NA,NA,NA,NA,NA,NA,NA,NA
2003,"Defense_IP",140.56,NA,NA,NA,NA,NA,NA,NA,NA
2004,"Defense_IP",145.2,NA,NA,NA,NA,NA,NA,NA,NA
2005,"Defense_IP",150,NA,NA,NA,NA,NA,NA,NA,NA
2006,"Defense_IP",158.08,NA,NA,NA,NA,NA,NA,NA,NA
2007,"Defense_IP",166.6,NA,NA,NA,NA,NA,NA,NA,NA
2008,"Defense_IP",175.57,NA,NA,NA,NA,NA,NA,NA,NA
2009,"Defense_IP",185.03,NA,NA,NA,NA,NA,NA,NA,NA
2010,"Defense_IP",195,NA,NA,NA,NA,NA,NA,NA,NA
2011,"Defense_IP",197.91,NA,NA,NA,NA,NA,NA,NA,NA
2012,"Defense_IP",200.87,NA,NA,NA,NA,NA,NA,NA,NA
2013,"Defense_IP",203.87,NA,NA,NA,NA,NA,NA,NA,NA
2014,"Defense_IP",206.91,NA,NA,NA,NA,NA,NA,NA,NA
2015,"Defense_IP",210,NA,NA,NA,NA,NA,NA,NA,NA
2016,"Defense_IP",217.37,NA,NA,NA,NA,NA,NA,NA,NA
2017,"Defense_IP",225,NA,NA,NA,NA,NA,NA,NA,NA
2018,"Defense_IP",234.59,NA,NA,NA,NA,NA,NA,NA,NA
2019,"Defense_IP",244.58,NA,NA,NA,NA,NA,NA,NA,NA
2020,"Defense_IP",255,NA,NA,NA,NA,NA,NA,NA,NA
2021,"Defense_IP",269.2,NA,NA,NA,NA,NA,NA,NA,NA
2022,"Defense_IP",284.18,NA,NA,NA,NA,NA,NA,NA,NA
2023,"Defense_IP",300,NA,NA,NA,NA,NA,NA,NA,NA
1925,"Defense_ME",3,NA,NA,NA,NA,NA,NA,NA,NA
1926,"Defense_ME",3.22,NA,NA,NA,NA,NA,NA,NA,NA
1927,"Defense_ME",3.46,NA,NA,NA,NA,NA,NA,NA,NA
1928,"Defense_ME",3.72,NA,NA,NA,NA,NA,NA,NA,NA
1929,"Defense_ME",4,NA,NA,NA,NA,NA,NA,NA,NA
1930,"Defense_ME",4.24,NA,NA,NA,NA,NA,NA,NA,NA
1931,"Defense_ME",4.48,NA,NA,NA,NA,NA,NA,NA,NA
1932,"Defense_ME",4.75,NA,NA,NA,NA,NA,NA,NA,NA
1933,"Defense_ME",5.03,NA,NA,NA,NA,NA,NA,NA,NA
1934,"Defense_ME",5.32,NA,NA,NA,NA,NA,NA,NA,NA
1935,"Defense_ME",5.64,NA,NA,NA,NA,NA,NA,NA,NA
1936,"Defense_ME",5.97,NA,NA,NA,NA,NA,NA,NA,NA
1937,"Defense_ME",6.32,NA,NA,NA,NA,NA,NA,NA,NA
1938,"Defense_ME",6.69,NA,NA,NA,NA,NA,NA,NA,NA
1939,"Defense_ME",7.08,NA,NA,NA,NA,NA,NA,NA,NA
1940,"Defense_ME",7.5,NA,NA,NA,NA,NA,NA,NA,NA
1941,"Defense_ME",11.37,NA,NA,NA,NA,NA,NA,NA,NA
1942,"Defense_ME",17.23,NA,NA,NA,NA,NA,NA,NA,NA
1943,"Defense_ME",26.12,NA,NA,NA,NA,NA,NA,NA,NA
1944,"Defense_ME",39.59,NA,NA,NA,NA,NA,NA,NA,NA
1945,"Defense_ME",60,NA,NA,NA,NA,NA,NA,NA,NA
1946,"Defense_ME",55.33,NA,NA,NA,NA,NA,NA,NA,NA
1947,"Defense_ME",51.02,NA,NA,NA,NA,NA,NA,NA,NA
1948,"Defense_ME",47.04,NA,NA,NA,NA,NA,NA,NA,NA
1949,"Defense_ME",43.38,NA,NA,NA,NA,NA,NA,NA,NA
1950,"Defense_ME",40,NA,NA,NA,NA,NA,NA,NA,NA
1951,"Defense_ME",45.36,NA,NA,NA,NA,NA,NA,NA,NA
1952,"Defense_ME",51.44,NA,NA,NA,NA,NA,NA,NA,NA
1953,"Defense_ME",58.33,NA,NA,NA,NA,NA,NA,NA,NA
1954,"Defense_ME",66.14,NA,NA,NA,NA,NA,NA,NA,NA
1955,"Defense_ME",75,NA,NA,NA,NA,NA,NA,NA,NA
1956,"Defense_ME",81.69,NA,NA,NA,NA,NA,NA,NA,NA
1957,"Defense_ME",88.98,NA,NA,NA,NA,NA,NA,NA,NA
1958,"Defense_ME",96.93,NA,NA,NA,NA,NA,NA,NA,NA
1959,"Defense_ME",105.58,NA,NA,NA,NA,NA,NA,NA,NA
1960,"Defense_ME",115,NA,NA,NA,NA,NA,NA,NA,NA
1961,"Defense_ME",118.75,NA,NA,NA,NA,NA,NA,NA,NA
1962,"Defense_ME",122.62,NA,NA,NA,NA,NA,NA,NA,NA
1963,"Defense_ME",126.61,NA,NA,NA,NA,NA,NA,NA,NA
1964,"Defense_ME",130.74,NA,NA,NA,NA,NA,NA,NA,NA
1965,"Defense_ME",135,NA,NA,NA,NA,NA,NA,NA,NA
1966,"Defense_ME",138.78,NA,NA,NA,NA,NA,NA,NA,NA
1967,"Defense_ME",142.67,NA,NA,NA,NA,NA,NA,NA,NA
1968,"Defense_ME",146.67,NA,NA,NA,NA,NA,NA,NA,NA
1969,"Defense_ME",150.78,NA,NA,NA,NA,NA,NA,NA,NA
1970,"Defense_ME",155,NA,NA,NA,NA,NA,NA,NA,NA
1971,"Defense_ME",161.44,NA,NA,NA,NA,NA,NA,NA,NA
1972,"Defense_ME",168.15,NA,NA,NA,NA,NA,NA,NA,NA
1973,"Defense_ME",175.14,NA,NA,NA,NA,NA,NA,NA,NA
1974,"Defense_ME",182.42,NA,NA,NA,NA,NA,NA,NA,NA
1975,"Defense_ME",190,NA,NA,NA,NA,NA,NA,NA,NA
1976,"Defense_ME",204.58,NA,NA,NA,NA,NA,NA,NA,NA
1977,"Defense_ME",220.29,NA,NA,NA,NA,NA,NA,NA,NA
1978,"Defense_ME",237.19,NA,NA,NA,NA,NA,NA,NA,NA
1979,"Defense_ME",255.4,NA,NA,NA,NA,NA,NA,NA,NA
1980,"Defense_ME",275,NA,NA,NA,NA,NA,NA,NA,NA
1981,"Defense_ME",300.02,NA,NA,NA,NA,NA,NA,NA,NA
1982,"Defense_ME",327.31,NA,NA,NA,NA,NA,NA,NA,NA
1983,"Defense_ME",357.08,NA,NA,NA,NA,NA,NA,NA,NA
1984,"Defense_ME",389.56,NA,NA,NA,NA,NA,NA,NA,NA
1985,"Defense_ME",425,NA,NA,NA,NA,NA,NA,NA,NA
1986,"Defense_ME",443.35,NA,NA,NA,NA,NA,NA,NA,NA
1987,"Defense_ME",462.48,NA,NA,NA,NA,NA,NA,NA,NA
1988,"Defense_ME",482.45,NA,NA,NA,NA,NA,NA,NA,NA
1989,"Defense_ME",503.27,NA,NA,NA,NA,NA,NA,NA,NA
1990,"Defense_ME",525,NA,NA,NA,NA,NA,NA,NA,NA
1991,"Defense_ME",509.06,NA,NA,NA,NA,NA,NA,NA,NA
1992,"Defense_ME",493.61,NA,NA,NA,NA,NA,NA,NA,NA
1993,"Defense_ME",478.62,NA,NA,NA,NA,NA,NA,NA,NA
1994,"Defense_ME",464.09,NA,NA,NA,NA,NA,NA,NA,NA
1995,"Defense_ME",450,NA,NA,NA,NA,NA,NA,NA,NA
1996,"Defense_ME",444.89,NA,NA,NA,NA,NA,NA,NA,NA
1997,"Defense_ME",439.83,NA,NA,NA,NA,NA,NA,NA,NA
1998,"Defense_ME",434.83,NA,NA,NA,NA,NA,NA,NA,NA
1999,"Defense_ME",429.89,NA,NA,NA,NA,NA,NA,NA,NA
2000,"Defense_ME",425,NA,NA,NA,NA,NA,NA,NA,NA
2001,"Defense_ME",439.04,NA,NA,NA,NA,NA,NA,NA,NA
2002,"Defense_ME",453.55,NA,NA,NA,NA,NA,NA,NA,NA
2003,"Defense_ME",468.53,NA,NA,NA,NA,NA,NA,NA,NA
2004,"Defense_ME",484.01,NA,NA,NA,NA,NA,NA,NA,NA
2005,"Defense_ME",500,NA,NA,NA,NA,NA,NA,NA,NA
2006,"Defense_ME",526.94,NA,NA,NA,NA,NA,NA,NA,NA
2007,"Defense_ME",555.33,NA,NA,NA,NA,NA,NA,NA,NA
2008,"Defense_ME",585.24,NA,NA,NA,NA,NA,NA,NA,NA
2009,"Defense_ME",616.77,NA,NA,NA,NA,NA,NA,NA,NA
2010,"Defense_ME",650,NA,NA,NA,NA,NA,NA,NA,NA
2011,"Defense_ME",659.71,NA,NA,NA,NA,NA,NA,NA,NA
2012,"Defense_ME",669.56,NA,NA,NA,NA,NA,NA,NA,NA
2013,"Defense_ME",679.55,NA,NA,NA,NA,NA,NA,NA,NA
2014,"Defense_ME",689.7,NA,NA,NA,NA,NA,NA,NA,NA
2015,"Defense_ME",700,NA,NA,NA,NA,NA,NA,NA,NA
2016,"Defense_ME",724.57,NA,NA,NA,NA,NA,NA,NA,NA
2017,"Defense_ME",750,NA,NA,NA,NA,NA,NA,NA,NA
2018,"Defense_ME",781.95,NA,NA,NA,NA,NA,NA,NA,NA
2019,"Defense_ME",815.27,NA,NA,NA,NA,NA,NA,NA,NA
2020,"Defense_ME",850,NA,NA,NA,NA,NA,NA,NA,NA
2021,"Defense_ME",897.32,NA,NA,NA,NA,NA,NA,NA,NA
2022,"Defense_ME",947.27,NA,NA,NA,NA,NA,NA,NA,NA
2023,"Defense_ME",1000,NA,NA,NA,NA,NA,NA,NA,NA
1925,"Defense_NRC",2.1,NA,NA,NA,NA,NA,NA,NA,NA
1926,"Defense_NRC",2.26,NA,NA,NA,NA,NA,NA,NA,NA
1927,"Defense_NRC",2.42,NA,NA,NA,NA,NA,NA,NA,NA
1928,"Defense_NRC",2.61,NA,NA,NA,NA,NA,NA,NA,NA
1929,"Defense_NRC",2.8,NA,NA,NA,NA,NA,NA,NA,NA
1930,"Defense_NRC",2.96,NA,NA,NA,NA,NA,NA,NA,NA
1931,"Defense_NRC",3.14,NA,NA,NA,NA,NA,NA,NA,NA
1932,"Defense_NRC",3.32,NA,NA,NA,NA,NA,NA,NA,NA
1933,"Defense_NRC",3.52,NA,NA,NA,NA,NA,NA,NA,NA
1934,"Defense_NRC",3.73,NA,NA,NA,NA,NA,NA,NA,NA
1935,"Defense_NRC",3.95,NA,NA,NA,NA,NA,NA,NA,NA
1936,"Defense_NRC",4.18,NA,NA,NA,NA,NA,NA,NA,NA
1937,"Defense_NRC",4.42,NA,NA,NA,NA,NA,NA,NA,NA
1938,"Defense_NRC",4.68,NA,NA,NA,NA,NA,NA,NA,NA
1939,"Defense_NRC",4.96,NA,NA,NA,NA,NA,NA,NA,NA
1940,"Defense_NRC",5.25,NA,NA,NA,NA,NA,NA,NA,NA
1941,"Defense_NRC",7.96,NA,NA,NA,NA,NA,NA,NA,NA
1942,"Defense_NRC",12.06,NA,NA,NA,NA,NA,NA,NA,NA
1943,"Defense_NRC",18.28,NA,NA,NA,NA,NA,NA,NA,NA
1944,"Defense_NRC",27.71,NA,NA,NA,NA,NA,NA,NA,NA
1945,"Defense_NRC",42,NA,NA,NA,NA,NA,NA,NA,NA
1946,"Defense_NRC",38.73,NA,NA,NA,NA,NA,NA,NA,NA
1947,"Defense_NRC",35.71,NA,NA,NA,NA,NA,NA,NA,NA
1948,"Defense_NRC",32.93,NA,NA,NA,NA,NA,NA,NA,NA
1949,"Defense_NRC",30.37,NA,NA,NA,NA,NA,NA,NA,NA
1950,"Defense_NRC",28,NA,NA,NA,NA,NA,NA,NA,NA
1951,"Defense_NRC",31.75,NA,NA,NA,NA,NA,NA,NA,NA
1952,"Defense_NRC",36,NA,NA,NA,NA,NA,NA,NA,NA
1953,"Defense_NRC",40.83,NA,NA,NA,NA,NA,NA,NA,NA
1954,"Defense_NRC",46.3,NA,NA,NA,NA,NA,NA,NA,NA
1955,"Defense_NRC",52.5,NA,NA,NA,NA,NA,NA,NA,NA
1956,"Defense_NRC",57.19,NA,NA,NA,NA,NA,NA,NA,NA
1957,"Defense_NRC",62.29,NA,NA,NA,NA,NA,NA,NA,NA
1958,"Defense_NRC",67.85,NA,NA,NA,NA,NA,NA,NA,NA
1959,"Defense_NRC",73.9,NA,NA,NA,NA,NA,NA,NA,NA
1960,"Defense_NRC",80.5,NA,NA,NA,NA,NA,NA,NA,NA
1961,"Defense_NRC",83.12,NA,NA,NA,NA,NA,NA,NA,NA
1962,"Defense_NRC",85.83,NA,NA,NA,NA,NA,NA,NA,NA
1963,"Defense_NRC",88.63,NA,NA,NA,NA,NA,NA,NA,NA
1964,"Defense_NRC",91.52,NA,NA,NA,NA,NA,NA,NA,NA
1965,"Defense_NRC",94.5,NA,NA,NA,NA,NA,NA,NA,NA
1966,"Defense_NRC",97.15,NA,NA,NA,NA,NA,NA,NA,NA
1967,"Defense_NRC",99.87,NA,NA,NA,NA,NA,NA,NA,NA
1968,"Defense_NRC",102.67,NA,NA,NA,NA,NA,NA,NA,NA
1969,"Defense_NRC",105.54,NA,NA,NA,NA,NA,NA,NA,NA
1970,"Defense_NRC",108.5,NA,NA,NA,NA,NA,NA,NA,NA
1971,"Defense_NRC",113.01,NA,NA,NA,NA,NA,NA,NA,NA
1972,"Defense_NRC",117.71,NA,NA,NA,NA,NA,NA,NA,NA
1973,"Defense_NRC",122.6,NA,NA,NA,NA,NA,NA,NA,NA
1974,"Defense_NRC",127.69,NA,NA,NA,NA,NA,NA,NA,NA
1975,"Defense_NRC",133,NA,NA,NA,NA,NA,NA,NA,NA
1976,"Defense_NRC",143.21,NA,NA,NA,NA,NA,NA,NA,NA
1977,"Defense_NRC",154.2,NA,NA,NA,NA,NA,NA,NA,NA
1978,"Defense_NRC",166.03,NA,NA,NA,NA,NA,NA,NA,NA
1979,"Defense_NRC",178.78,NA,NA,NA,NA,NA,NA,NA,NA
1980,"Defense_NRC",192.5,NA,NA,NA,NA,NA,NA,NA,NA
1981,"Defense_NRC",210.01,NA,NA,NA,NA,NA,NA,NA,NA
1982,"Defense_NRC",229.11,NA,NA,NA,NA,NA,NA,NA,NA
1983,"Defense_NRC",249.96,NA,NA,NA,NA,NA,NA,NA,NA
1984,"Defense_NRC",272.69,NA,NA,NA,NA,NA,NA,NA,NA
1985,"Defense_NRC",297.5,NA,NA,NA,NA,NA,NA,NA,NA
1986,"Defense_NRC",310.34,NA,NA,NA,NA,NA,NA,NA,NA
1987,"Defense_NRC",323.74,NA,NA,NA,NA,NA,NA,NA,NA
1988,"Defense_NRC",337.71,NA,NA,NA,NA,NA,NA,NA,NA
1989,"Defense_NRC",352.29,NA,NA,NA,NA,NA,NA,NA,NA
1990,"Defense_NRC",367.5,NA,NA,NA,NA,NA,NA,NA,NA
1991,"Defense_NRC",356.34,NA,NA,NA,NA,NA,NA,NA,NA
1992,"Defense_NRC",345.52,NA,NA,NA,NA,NA,NA,NA,NA
1993,"Defense_NRC",335.03,NA,NA,NA,NA,NA,NA,NA,NA
1994,"Defense_NRC",324.86,NA,NA,NA,NA,NA,NA,NA,NA
1995,"Defense_NRC",315,NA,NA,NA,NA,NA,NA,NA,NA
1996,"Defense_NRC",311.42,NA,NA,NA,NA,NA,NA,NA,NA
1997,"Defense_NRC",307.88,NA,NA,NA,NA,NA,NA,NA,NA
1998,"Defense_NRC",304.38,NA,NA,NA,NA,NA,NA,NA,NA
1999,"Defense_NRC",300.92,NA,NA,NA,NA,NA,NA,NA,NA
2000,"Defense_NRC",297.5,NA,NA,NA,NA,NA,NA,NA,NA
2001,"Defense_NRC",307.33,NA,NA,NA,NA,NA,NA,NA,NA
2002,"Defense_NRC",317.48,NA,NA,NA,NA,NA,NA,NA,NA
2003,"Defense_NRC",327.97,NA,NA,NA,NA,NA,NA,NA,NA
2004,"Defense_NRC",338.81,NA,NA,NA,NA,NA,NA,NA,NA
2005,"Defense_NRC",350,NA,NA,NA,NA,NA,NA,NA,NA
2006,"Defense_NRC",368.86,NA,NA,NA,NA,NA,NA,NA,NA
2007,"Defense_NRC",388.73,NA,NA,NA,NA,NA,NA,NA,NA
2008,"Defense_NRC",409.67,NA,NA,NA,NA,NA,NA,NA,NA
2009,"Defense_NRC",431.74,NA,NA,NA,NA,NA,NA,NA,NA
2010,"Defense_NRC",455,NA,NA,NA,NA,NA,NA,NA,NA
2011,"Defense_NRC",461.79,NA,NA,NA,NA,NA,NA,NA,NA
2012,"Defense_NRC",468.69,NA,NA,NA,NA,NA,NA,NA,NA
2013,"Defense_NRC",475.69,NA,NA,NA,NA,NA,NA,NA,NA
2014,"Defense_NRC",482.79,NA,NA,NA,NA,NA,NA,NA,NA
2015,"Defense_NRC",490,NA,NA,NA,NA,NA,NA,NA,NA
2016,"Defense_NRC",507.2,NA,NA,NA,NA,NA,NA,NA,NA
2017,"Defense_NRC",525,NA,NA,NA,NA,NA,NA,NA,NA
2018,"Defense_NRC",547.37,NA,NA,NA,NA,NA,NA,NA,NA
2019,"Defense_NRC",570.69,NA,NA,NA,NA,NA,NA,NA,NA
2020,"Defense_NRC",595,NA,NA,NA,NA,NA,NA,NA,NA
2021,"Defense_NRC",628.12,NA,NA,NA,NA,NA,NA,NA,NA
2022,"Defense_NRC",663.09,NA,NA,NA,NA,NA,NA,NA,NA
2023,"Defense_NRC",700,NA,NA,NA,NA,NA,NA,NA,NA
1925,"Defense_Total",6,6.48,1,15,0.72,1.8,0.48,1.2,0.4
1926,"Defense_Total",6.45,6.97,1,15,0.77,1.7906976744186,0.52,1.2093023255814,0.43
1927,"Defense_Total",6.93,7.48,1,15,0.83,1.7965367965368,0.55,1.19047619047619,0.462
1928,"Defense_Total",7.44,8.04,1,15,0.89,1.79435483870968,0.6,1.20967741935484,0.496
1929,"Defense_Total",8,8.64,1,15,0.77,1.44375,0.64,1.2,0.533333333333333
1930,"Defense_Total",8.47,9.15,1.18,17.7,1.15,2.40318772136954,0.68,1.42101534828808,0.478531073446328
1931,"Defense_Total",8.97,9.69,1.4,21,1.22,2.8561872909699,0.72,1.68561872909699,0.427142857142857
1932,"Defense_Total",9.5,10.26,1.66,24.9,1.29,3.38115789473684,0.76,1.992,0.381526104417671
1933,"Defense_Total",10.05,10.85,1.97,29.55,1.36,3.99880597014925,0.8,2.35223880597015,0.34010152284264
1934,"Defense_Total",10.65,11.5,2.33,34.95,1.44,4.7256338028169,0.85,2.78943661971831,0.304721030042918
1935,"Defense_Total",11.27,12.17,2.76,41.4,1.53,5.62040816326531,0.9,3.30612244897959,0.272222222222222
1936,"Defense_Total",11.93,12.88,3.27,49.05,1.62,6.66060352053646,0.95,3.90590947191953,0.24322120285423
1937,"Defense_Total",12.64,13.65,3.87,58.05,1.71,7.8532832278481,1.01,4.63848892405063,0.217743324720069
1938,"Defense_Total",13.38,14.45,4.59,68.85,1.81,9.31378923766816,1.07,5.50594170403587,0.194335511982571
1939,"Defense_Total",14.17,15.3,5.43,81.45,1.92,11.0362738179252,1.13,6.49530698659139,0.173971761817066
1940,"Defense_Total",15,16.2,6.44,96.6,2.03,13.0732,1.2,7.728,0.15527950310559
1941,"Defense_Total",22.74,24.56,7.62,114.3,9.55,48.0019788918206,1.82,9.14802110817942,0.198950131233596
1942,"Defense_Total",34.46,37.22,9.03,135.45,14.48,56.9157283807313,2.76,10.8485780615206,0.254411221853082
1943,"Defense_Total",52.23,56.41,10.69,160.35,21.95,67.3881390005744,4.18,12.8329121194716,0.325724976613658
1944,"Defense_Total",79.17,85.5,12.66,189.9,33.27,79.8026146267526,6.33,15.1833649109511,0.416903633491311
1945,"Defense_Total",120,129.6,15,225,50.43,94.55625,9.6,18,0.533333333333333
1946,"Defense_Total",110.65,119.5,13.83,207.45,0.1,0.187483054676909,8.85,16.5922503389065,0.533381537719933
1947,"Defense_Total",102.03,110.19,12.75,191.25,0.1,0.187444869156131,8.16,15.2955013231403,0.533490196078431
1948,"Defense_Total",94.09,101.62,11.76,176.4,0.1,0.18748007227123,7.53,14.1172494420236,0.533390022675737
1949,"Defense_Total",86.76,93.7,10.84,162.6,0.1,0.187413554633472,6.94,13.0065006915629,0.533579335793358
1950,"Defense_Total",80,86.4,10,150,0.1,0.1875,6.4,12,0.533333333333333
1951,"Defense_Total",90.72,97.98,10.96,164.4,17.97,32.5646825396825,7.26,13.1563492063492,0.551824817518248
1952,"Defense_Total",102.87,111.1,12.01,180.15,20.38,35.6902595508895,8.23,14.4127004957714,0.571024146544546
1953,"Defense_Total",116.65,125.98,13.16,197.4,23.11,39.1077068152593,9.33,15.7886155165024,0.590932117527862
1954,"Defense_Total",132.28,142.86,14.43,216.45,26.21,42.8874697611128,10.58,17.3120728757182,0.611134211134211
1955,"Defense_Total",150,162,15.81,237.15,29.72,46.98732,12,18.972,0.632511068943707
1956,"Defense_Total",163.39,176.46,17.33,259.95,26.46,42.0972948160842,13.07,20.7940908256319,0.628543950759761
1957,"Defense_Total",177.97,192.21,18.99,284.85,28.82,46.1278698657077,14.24,22.791841321571,0.624784974548008
1958,"Defense_Total",193.85,209.36,20.81,312.15,31.39,50.5462393603302,15.51,24.9752205313387,0.62101553740189
1959,"Defense_Total",211.15,228.04,22.81,342.15,34.19,55.4018872839214,16.89,27.3687591759413,0.617126991085781
1960,"Defense_Total",230,248.4,25,375,37.25,60.7336956521739,18.4,30,0.613333333333333
1961,"Defense_Total",237.5,256.5,25.86,387.9,26.49,43.2651410526316,19,31.032,0.612271203918536
1962,"Defense_Total",245.23,264.85,26.74,401.1,27.36,44.7502181625413,19.62,32.0906169718224,0.61139366741461
1963,"Defense_Total",253.23,273.49,27.66,414.9,28.25,46.2856888994195,20.26,33.1946214903448,0.610339840925524
1964,"Defense_Total",261.48,282.4,28.6,429,29.17,47.858077099587,20.92,34.3226250573658,0.609510489510489
1965,"Defense_Total",270,291.6,29.58,443.7,30.12,49.4972,21.6,35.496,0.608519269776876
1966,"Defense_Total",277.56,299.77,30.59,458.85,29.77,49.2144563337657,22.21,36.7165964115867,0.604903563255966
1967,"Defense_Total",285.34,308.17,31.64,474.6,30.6,50.8963341977991,22.83,37.972657180907,0.601222081753055
1968,"Defense_Total",293.33,316.8,32.72,490.8,31.46,52.6388981692974,23.47,39.2700235229946,0.597656886715566
1969,"Defense_Total",301.55,325.67,33.84,507.6,32.34,54.4380169126181,24.12,40.6012667882607,0.594070133963751
1970,"Defense_Total",310,334.8,35,525,33.25,56.3104838709677,24.8,42,0.59047619047619
1971,"Defense_Total",322.88,348.71,35.89,538.35,38.71,64.5426427775025,25.83,43.0673330649158,0.599758521408006
1972,"Defense_Total",336.3,363.2,36.8,552,40.32,66.1809099018733,26.9,44.1534344335415,0.609239130434783
1973,"Defense_Total",350.28,378.3,37.74,566.1,42,67.8776978417266,28.02,45.2841212744091,0.618759936406995
1974,"Defense_Total",364.84,394.03,38.7,580.5,43.74,69.5950827760114,29.19,46.4444551036071,0.628492678725237
1975,"Defense_Total",380,410.4,39.69,595.35,45.56,71.3793315789474,30.4,47.628,0.638280003359368
1976,"Defense_Total",409.17,441.9,40.7,610.5,61.9,92.3575775350099,32.73,48.8346286384632,0.67022113022113
1977,"Defense_Total",440.57,475.82,41.73,625.95,66.65,94.6945264089702,35.25,50.0822514015934,0.703842159916926
1978,"Defense_Total",474.39,512.34,42.79,641.85,71.77,97.1048599253779,37.95,51.3463763991653,0.739097920074784
1979,"Defense_Total",510.8,551.66,43.88,658.2,77.27,99.5675685199687,40.86,52.6508457321848,0.776055910057733
1980,"Defense_Total",550,594,45,675,83.2,102.109090909091,44,54,0.814814814814815
1981,"Defense_Total",600.03,648.03,46.69,700.35,98.03,114.419796510174,48,56.025198740063,0.856757335617905
1982,"Defense_Total",654.61,706.98,48.43,726.45,106.95,118.687199248407,52.37,58.1173316936802,0.901108128570445
1983,"Defense_Total",714.16,771.29,50.25,753.75,116.68,123.14824409096,57.13,60.2970447798813,0.947475953565506
1984,"Defense_Total",779.13,841.46,52.13,781.95,127.29,127.750716183435,62.33,62.5555985522313,0.996393631306349
1985,"Defense_Total",850,918,54.08,811.2,138.87,132.530992941176,68,64.896,1.04783037475345
1986,"Defense_Total",886.69,957.63,56.11,841.65,107.63,102.162863571259,70.94,67.3365561808524,1.05351393096893
1987,"Defense_Total",924.97,998.97,58.21,873.15,112.27,105.980248548602,74,69.8542655437474,1.05934833648285
1988,"Defense_Total",964.9,1042.09,60.39,905.85,117.12,109.952484195253,77.19,72.4661223961032,1.06518739305625
1989,"Defense_Total",1006.55,1087.07,62.65,939.75,122.18,114.071486761711,80.52,75.176265461229,1.07108273476989
1990,"Defense_Total",1050,1134,65,975,127.45,118.346428571429,84,78,1.07692307692308
1991,"Defense_Total",1018.12,1099.57,63.92,958.8,49.57,46.6818410403489,81.45,76.7043766942993,1.06186900292032
1992,"Defense_Total",987.21,1066.19,62.86,942.9,48.07,45.9124228887471,78.98,75.4350563709849,1.04699331848552
1993,"Defense_Total",957.24,1033.82,61.82,927.3,46.61,45.1521593330826,76.58,74.1847749780619,1.03228728566807
1994,"Defense_Total",928.18,1002.43,60.8,912,45.19,44.4022495636622,74.25,72.95567670064,1.01774122807018
1995,"Defense_Total",900,972,59.79,896.85,43.82,43.66663,72,71.748,1.00351229302559
1996,"Defense_Total",889.77,960.95,58.8,882,60.95,60.4177484068917,71.18,70.5584139721501,1.00880952380952
1997,"Defense_Total",879.66,950.03,57.83,867.45,60.26,59.4235693336062,70.37,69.393238865016,1.01407573923569
1998,"Defense_Total",869.66,939.23,56.87,853.05,59.57,58.4322476600051,69.57,68.2412534783709,1.01947130883301
1999,"Defense_Total",859.77,928.55,55.93,838.95,58.9,57.4736906381939,68.78,67.1144387452458,1.02481673520472
2000,"Defense_Total",850,918,55,825,58.23,56.5173529411765,68,66,1.03030303030303
2001,"Defense_Total",878.08,948.33,57.1,856.5,98.33,95.913407662172,70.25,68.5235115251458,1.02519556333917
2002,"Defense_Total",907.09,979.66,59.28,889.2,101.58,99.576597691519,72.57,71.1387447772547,1.0201192082771
2003,"Defense_Total",937.06,1012.02,61.54,923.1,104.93,103.366788679487,74.96,73.8432715087614,1.01512295525945
2004,"Defense_Total",968.02,1045.46,63.89,958.35,108.4,107.317142207806,77.44,76.6664159831409,1.01009025929984
2005,"Defense_Total",1000,1080,66.33,994.95,111.98,111.414501,80,79.596,1.0050756319413
2006,"Defense_Total",1053.87,1138.18,68.87,1033.05,138.18,135.450149449173,84.31,82.6443920976971,1.02015391316974
2007,"Defense_Total",1110.65,1199.5,71.49,1072.35,145.63,140.608049790663,88.85,85.786068968622,1.03571595094885
2008,"Defense_Total",1170.49,1264.13,74.22,1113.3,153.47,145.971474339806,93.64,89.0647609120966,1.05136980149106
2009,"Defense_Total",1233.54,1332.22,77.06,1155.9,161.74,151.559954277932,98.68,92.4690014105745,1.06716844017649
2010,"Defense_Total",1300,1404,80,1200,170.46,157.347692307692,104,96,1.08333333333333
2011,"Defense_Total",1319.41,1424.96,82.59,1238.85,124.96,117.330243063187,105.55,99.105370961263,1.06502805020785
2012,"Defense_Total",1339.11,1446.24,85.27,1279.05,126.83,121.141587696306,107.13,102.325146179179,1.04695672569485
2013,"Defense_Total",1359.11,1467.84,88.03,1320.45,128.72,125.058548609016,108.73,105.637165865898,1.02927789768639
2014,"Defense_Total",1379.4,1489.75,90.88,1363.2,130.65,129.115615484993,110.35,109.054023488473,1.0118838028169
2015,"Defense_Total",1400,1512,93.82,1407.3,132.6,133.291414285714,112,112.584,0.994812762026576
2016,"Defense_Total",1449.14,1565.07,96.86,1452.9,165.07,165.498297610997,115.93,116.230796886429,0.99741207240691
2017,"Defense_Total",1500,1620,100,1500,170.86,170.86,120,120,1
2018,"Defense_Total",1563.91,1689.02,102.6,1539,189.02,186.009284421738,125.11,123.117244598474,1.01618583495776
2019,"Defense_Total",1630.53,1760.97,105.26,1578.9,197.07,190.829866975769,130.44,126.309675994922,1.03269998099943
2020,"Defense_Total",1700,1836,108,1620,205.47,195.800823529412,136,129.6,1.04938271604938
2021,"Defense_Total",1794.63,1938.2,110.28,1654.2,238.2,219.560823122315,143.57,132.335631300045,1.08489299963729
2022,"Defense_Total",1894.54,2046.1,112.62,1689.3,251.47,224.227660012457,151.56,135.14114666357,1.12149410998638
2023,"Defense_Total",2000,2160,115,1725,265.46,228.95925,160,138,1.15942028985507
1925,"Nondefense_IP",4.5,NA,NA,NA,NA,NA,NA,NA,NA
1926,"Nondefense_IP",4.73,NA,NA,NA,NA,NA,NA,NA,NA
1927,"Nondefense_IP",4.97,NA,NA,NA,NA,NA,NA,NA,NA
1928,"Nondefense_IP",5.23,NA,NA,NA,NA,NA,NA,NA,NA
1929,"Nondefense_IP",5.5,NA,NA,NA,NA,NA,NA,NA,NA
1930,"Nondefense_IP",5.54,NA,NA,NA,NA,NA,NA,NA,NA
1931,"Nondefense_IP",5.59,NA,NA,NA,NA,NA,NA,NA,NA
1932,"Nondefense_IP",5.63,NA,NA,NA,NA,NA,NA,NA,NA
1933,"Nondefense_IP",5.68,NA,NA,NA,NA,NA,NA,NA,NA
1934,"Nondefense_IP",5.72,NA,NA,NA,NA,NA,NA,NA,NA
1935,"Nondefense_IP",5.77,NA,NA,NA,NA,NA,NA,NA,NA
1936,"Nondefense_IP",5.81,NA,NA,NA,NA,NA,NA,NA,NA
1937,"Nondefense_IP",5.86,NA,NA,NA,NA,NA,NA,NA,NA
1938,"Nondefense_IP",5.91,NA,NA,NA,NA,NA,NA,NA,NA
1939,"Nondefense_IP",5.95,NA,NA,NA,NA,NA,NA,NA,NA
1940,"Nondefense_IP",6,NA,NA,NA,NA,NA,NA,NA,NA
1941,"Nondefense_IP",6.1,NA,NA,NA,NA,NA,NA,NA,NA
1942,"Nondefense_IP",6.2,NA,NA,NA,NA,NA,NA,NA,NA
1943,"Nondefense_IP",6.3,NA,NA,NA,NA,NA,NA,NA,NA
1944,"Nondefense_IP",6.4,NA,NA,NA,NA,NA,NA,NA,NA
1945,"Nondefense_IP",6.5,NA,NA,NA,NA,NA,NA,NA,NA
1946,"Nondefense_IP",6.94,NA,NA,NA,NA,NA,NA,NA,NA
1947,"Nondefense_IP",7.4,NA,NA,NA,NA,NA,NA,NA,NA
1948,"Nondefense_IP",7.9,NA,NA,NA,NA,NA,NA,NA,NA
1949,"Nondefense_IP",8.43,NA,NA,NA,NA,NA,NA,NA,NA
1950,"Nondefense_IP",9,NA,NA,NA,NA,NA,NA,NA,NA
1951,"Nondefense_IP",9.83,NA,NA,NA,NA,NA,NA,NA,NA
1952,"Nondefense_IP",10.74,NA,NA,NA,NA,NA,NA,NA,NA
1953,"Nondefense_IP",11.73,NA,NA,NA,NA,NA,NA,NA,NA
1954,"Nondefense_IP",12.82,NA,NA,NA,NA,NA,NA,NA,NA
1955,"Nondefense_IP",14,NA,NA,NA,NA,NA,NA,NA,NA
1956,"Nondefense_IP",15.32,NA,NA,NA,NA,NA,NA,NA,NA
1957,"Nondefense_IP",16.77,NA,NA,NA,NA,NA,NA,NA,NA
1958,"Nondefense_IP",18.36,NA,NA,NA,NA,NA,NA,NA,NA
1959,"Nondefense_IP",20.1,NA,NA,NA,NA,NA,NA,NA,NA
1960,"Nondefense_IP",22,NA,NA,NA,NA,NA,NA,NA,NA
1961,"Nondefense_IP",23.86,NA,NA,NA,NA,NA,NA,NA,NA
1962,"Nondefense_IP",25.87,NA,NA,NA,NA,NA,NA,NA,NA
1963,"Nondefense_IP",28.06,NA,NA,NA,NA,NA,NA,NA,NA
1964,"Nondefense_IP",30.43,NA,NA,NA,NA,NA,NA,NA,NA
1965,"Nondefense_IP",33,NA,NA,NA,NA,NA,NA,NA,NA
1966,"Nondefense_IP",35.86,NA,NA,NA,NA,NA,NA,NA,NA
1967,"Nondefense_IP",38.97,NA,NA,NA,NA,NA,NA,NA,NA
1968,"Nondefense_IP",42.34,NA,NA,NA,NA,NA,NA,NA,NA
1969,"Nondefense_IP",46.01,NA,NA,NA,NA,NA,NA,NA,NA
1970,"Nondefense_IP",50,NA,NA,NA,NA,NA,NA,NA,NA
1971,"Nondefense_IP",55.6,NA,NA,NA,NA,NA,NA,NA,NA
1972,"Nondefense_IP",61.82,NA,NA,NA,NA,NA,NA,NA,NA
1973,"Nondefense_IP",68.74,NA,NA,NA,NA,NA,NA,NA,NA
1974,"Nondefense_IP",76.44,NA,NA,NA,NA,NA,NA,NA,NA
1975,"Nondefense_IP",85,NA,NA,NA,NA,NA,NA,NA,NA
1976,"Nondefense_IP",95.23,NA,NA,NA,NA,NA,NA,NA,NA
1977,"Nondefense_IP",106.68,NA,NA,NA,NA,NA,NA,NA,NA
1978,"Nondefense_IP",119.51,NA,NA,NA,NA,NA,NA,NA,NA
1979,"Nondefense_IP",133.89,NA,NA,NA,NA,NA,NA,NA,NA
1980,"Nondefense_IP",150,NA,NA,NA,NA,NA,NA,NA,NA
1981,"Nondefense_IP",161.94,NA,NA,NA,NA,NA,NA,NA,NA
1982,"Nondefense_IP",174.83,NA,NA,NA,NA,NA,NA,NA,NA
1983,"Nondefense_IP",188.75,NA,NA,NA,NA,NA,NA,NA,NA
1984,"Nondefense_IP",203.78,NA,NA,NA,NA,NA,NA,NA,NA
1985,"Nondefense_IP",220,NA,NA,NA,NA,NA,NA,NA,NA
1986,"Nondefense_IP",235.62,NA,NA,NA,NA,NA,NA,NA,NA
1987,"Nondefense_IP",252.35,NA,NA,NA,NA,NA,NA,NA,NA
1988,"Nondefense_IP",270.26,NA,NA,NA,NA,NA,NA,NA,NA
1989,"Nondefense_IP",289.45,NA,NA,NA,NA,NA,NA,NA,NA
1990,"Nondefense_IP",310,NA,NA,NA,NA,NA,NA,NA,NA
1991,"Nondefense_IP",322.88,NA,NA,NA,NA,NA,NA,NA,NA
1992,"Nondefense_IP",336.3,NA,NA,NA,NA,NA,NA,NA,NA
1993,"Nondefense_IP",350.28,NA,NA,NA,NA,NA,NA,NA,NA
1994,"Nondefense_IP",364.84,NA,NA,NA,NA,NA,NA,NA,NA
1995,"Nondefense_IP",380,NA,NA,NA,NA,NA,NA,NA,NA
1996,"Nondefense_IP",394.8,NA,NA,NA,NA,NA,NA,NA,NA
1997,"Nondefense_IP",410.18,NA,NA,NA,NA,NA,NA,NA,NA
1998,"Nondefense_IP",426.16,NA,NA,NA,NA,NA,NA,NA,NA
1999,"Nondefense_IP",442.75,NA,NA,NA,NA,NA,NA,NA,NA
2000,"Nondefense_IP",460,NA,NA,NA,NA,NA,NA,NA,NA
2001,"Nondefense_IP",481.83,NA,NA,NA,NA,NA,NA,NA,NA
2002,"Nondefense_IP",504.69,NA,NA,NA,NA,NA,NA,NA,NA
2003,"Nondefense_IP",528.64,NA,NA,NA,NA,NA,NA,NA,NA
2004,"Nondefense_IP",553.72,NA,NA,NA,NA,NA,NA,NA,NA
2005,"Nondefense_IP",580,NA,NA,NA,NA,NA,NA,NA,NA
2006,"Nondefense_IP",605.63,NA,NA,NA,NA,NA,NA,NA,NA
2007,"Nondefense_IP",632.4,NA,NA,NA,NA,NA,NA,NA,NA
2008,"Nondefense_IP",660.34,NA,NA,NA,NA,NA,NA,NA,NA
2009,"Nondefense_IP",689.53,NA,NA,NA,NA,NA,NA,NA,NA
2010,"Nondefense_IP",720,NA,NA,NA,NA,NA,NA,NA,NA
2011,"Nondefense_IP",744.3,NA,NA,NA,NA,NA,NA,NA,NA
2012,"Nondefense_IP",769.43,NA,NA,NA,NA,NA,NA,NA,NA
2013,"Nondefense_IP",795.4,NA,NA,NA,NA,NA,NA,NA,NA
2014,"Nondefense_IP",822.25,NA,NA,NA,NA,NA,NA,NA,NA
2015,"Nondefense_IP",850,NA,NA,NA,NA,NA,NA,NA,NA
2016,"Nondefense_IP",884.31,NA,NA,NA,NA,NA,NA,NA,NA
2017,"Nondefense_IP",920,NA,NA,NA,NA,NA,NA,NA,NA
2018,"Nondefense_IP",961.44,NA,NA,NA,NA,NA,NA,NA,NA
2019,"Nondefense_IP",1004.74,NA,NA,NA,NA,NA,NA,NA,NA
2020,"Nondefense_IP",1050,NA,NA,NA,NA,NA,NA,NA,NA
2021,"Nondefense_IP",1121.66,NA,NA,NA,NA,NA,NA,NA,NA
2022,"Nondefense_IP",1198.22,NA,NA,NA,NA,NA,NA,NA,NA
2023,"Nondefense_IP",1280,NA,NA,NA,NA,NA,NA,NA,NA
1925,"Nondefense_ME",6.75,NA,NA,NA,NA,NA,NA,NA,NA
1926,"Nondefense_ME",7.1,NA,NA,NA,NA,NA,NA,NA,NA
1927,"Nondefense_ME",7.46,NA,NA,NA,NA,NA,NA,NA,NA
1928,"Nondefense_ME",7.85,NA,NA,NA,NA,NA,NA,NA,NA
1929,"Nondefense_ME",8.25,NA,NA,NA,NA,NA,NA,NA,NA
1930,"Nondefense_ME",8.32,NA,NA,NA,NA,NA,NA,NA,NA
1931,"Nondefense_ME",8.38,NA,NA,NA,NA,NA,NA,NA,NA
1932,"Nondefense_ME",8.45,NA,NA,NA,NA,NA,NA,NA,NA
1933,"Nondefense_ME",8.52,NA,NA,NA,NA,NA,NA,NA,NA
1934,"Nondefense_ME",8.58,NA,NA,NA,NA,NA,NA,NA,NA
1935,"Nondefense_ME",8.65,NA,NA,NA,NA,NA,NA,NA,NA
1936,"Nondefense_ME",8.72,NA,NA,NA,NA,NA,NA,NA,NA
1937,"Nondefense_ME",8.79,NA,NA,NA,NA,NA,NA,NA,NA
1938,"Nondefense_ME",8.86,NA,NA,NA,NA,NA,NA,NA,NA
1939,"Nondefense_ME",8.93,NA,NA,NA,NA,NA,NA,NA,NA
1940,"Nondefense_ME",9,NA,NA,NA,NA,NA,NA,NA,NA
1941,"Nondefense_ME",9.15,NA,NA,NA,NA,NA,NA,NA,NA
1942,"Nondefense_ME",9.29,NA,NA,NA,NA,NA,NA,NA,NA
1943,"Nondefense_ME",9.44,NA,NA,NA,NA,NA,NA,NA,NA
1944,"Nondefense_ME",9.6,NA,NA,NA,NA,NA,NA,NA,NA
1945,"Nondefense_ME",9.75,NA,NA,NA,NA,NA,NA,NA,NA
1946,"Nondefense_ME",10.41,NA,NA,NA,NA,NA,NA,NA,NA
1947,"Nondefense_ME",11.11,NA,NA,NA,NA,NA,NA,NA,NA
1948,"Nondefense_ME",11.85,NA,NA,NA,NA,NA,NA,NA,NA
1949,"Nondefense_ME",12.65,NA,NA,NA,NA,NA,NA,NA,NA
1950,"Nondefense_ME",13.5,NA,NA,NA,NA,NA,NA,NA,NA
1951,"Nondefense_ME",14.75,NA,NA,NA,NA,NA,NA,NA,NA
1952,"Nondefense_ME",16.11,NA,NA,NA,NA,NA,NA,NA,NA
1953,"Nondefense_ME",17.6,NA,NA,NA,NA,NA,NA,NA,NA
1954,"Nondefense_ME",19.22,NA,NA,NA,NA,NA,NA,NA,NA
1955,"Nondefense_ME",21,NA,NA,NA,NA,NA,NA,NA,NA
1956,"Nondefense_ME",22.99,NA,NA,NA,NA,NA,NA,NA,NA
1957,"Nondefense_ME",25.16,NA,NA,NA,NA,NA,NA,NA,NA
1958,"Nondefense_ME",27.54,NA,NA,NA,NA,NA,NA,NA,NA
1959,"Nondefense_ME",30.15,NA,NA,NA,NA,NA,NA,NA,NA
1960,"Nondefense_ME",33,NA,NA,NA,NA,NA,NA,NA,NA
1961,"Nondefense_ME",35.79,NA,NA,NA,NA,NA,NA,NA,NA
1962,"Nondefense_ME",38.81,NA,NA,NA,NA,NA,NA,NA,NA
1963,"Nondefense_ME",42.09,NA,NA,NA,NA,NA,NA,NA,NA
1964,"Nondefense_ME",45.64,NA,NA,NA,NA,NA,NA,NA,NA
1965,"Nondefense_ME",49.5,NA,NA,NA,NA,NA,NA,NA,NA
1966,"Nondefense_ME",53.79,NA,NA,NA,NA,NA,NA,NA,NA
1967,"Nondefense_ME",58.45,NA,NA,NA,NA,NA,NA,NA,NA
1968,"Nondefense_ME",63.52,NA,NA,NA,NA,NA,NA,NA,NA
1969,"Nondefense_ME",69.02,NA,NA,NA,NA,NA,NA,NA,NA
1970,"Nondefense_ME",75,NA,NA,NA,NA,NA,NA,NA,NA
1971,"Nondefense_ME",83.4,NA,NA,NA,NA,NA,NA,NA,NA
1972,"Nondefense_ME",92.73,NA,NA,NA,NA,NA,NA,NA,NA
1973,"Nondefense_ME",103.12,NA,NA,NA,NA,NA,NA,NA,NA
1974,"Nondefense_ME",114.66,NA,NA,NA,NA,NA,NA,NA,NA
1975,"Nondefense_ME",127.5,NA,NA,NA,NA,NA,NA,NA,NA
1976,"Nondefense_ME",142.84,NA,NA,NA,NA,NA,NA,NA,NA
1977,"Nondefense_ME",160.02,NA,NA,NA,NA,NA,NA,NA,NA
1978,"Nondefense_ME",179.27,NA,NA,NA,NA,NA,NA,NA,NA
1979,"Nondefense_ME",200.84,NA,NA,NA,NA,NA,NA,NA,NA
1980,"Nondefense_ME",225,NA,NA,NA,NA,NA,NA,NA,NA
1981,"Nondefense_ME",242.91,NA,NA,NA,NA,NA,NA,NA,NA
1982,"Nondefense_ME",262.25,NA,NA,NA,NA,NA,NA,NA,NA
1983,"Nondefense_ME",283.13,NA,NA,NA,NA,NA,NA,NA,NA
1984,"Nondefense_ME",305.67,NA,NA,NA,NA,NA,NA,NA,NA
1985,"Nondefense_ME",330,NA,NA,NA,NA,NA,NA,NA,NA
1986,"Nondefense_ME",353.43,NA,NA,NA,NA,NA,NA,NA,NA
1987,"Nondefense_ME",378.52,NA,NA,NA,NA,NA,NA,NA,NA
1988,"Nondefense_ME",405.39,NA,NA,NA,NA,NA,NA,NA,NA
1989,"Nondefense_ME",434.18,NA,NA,NA,NA,NA,NA,NA,NA
1990,"Nondefense_ME",465,NA,NA,NA,NA,NA,NA,NA,NA
1991,"Nondefense_ME",484.33,NA,NA,NA,NA,NA,NA,NA,NA
1992,"Nondefense_ME",504.45,NA,NA,NA,NA,NA,NA,NA,NA
1993,"Nondefense_ME",525.42,NA,NA,NA,NA,NA,NA,NA,NA
1994,"Nondefense_ME",547.26,NA,NA,NA,NA,NA,NA,NA,NA
1995,"Nondefense_ME",570,NA,NA,NA,NA,NA,NA,NA,NA
1996,"Nondefense_ME",592.2,NA,NA,NA,NA,NA,NA,NA,NA
1997,"Nondefense_ME",615.27,NA,NA,NA,NA,NA,NA,NA,NA
1998,"Nondefense_ME",639.23,NA,NA,NA,NA,NA,NA,NA,NA
1999,"Nondefense_ME",664.13,NA,NA,NA,NA,NA,NA,NA,NA
2000,"Nondefense_ME",690,NA,NA,NA,NA,NA,NA,NA,NA
2001,"Nondefense_ME",722.74,NA,NA,NA,NA,NA,NA,NA,NA
2002,"Nondefense_ME",757.04,NA,NA,NA,NA,NA,NA,NA,NA
2003,"Nondefense_ME",792.96,NA,NA,NA,NA,NA,NA,NA,NA
2004,"Nondefense_ME",830.59,NA,NA,NA,NA,NA,NA,NA,NA
2005,"Nondefense_ME",870,NA,NA,NA,NA,NA,NA,NA,NA
2006,"Nondefense_ME",908.45,NA,NA,NA,NA,NA,NA,NA,NA
2007,"Nondefense_ME",948.6,NA,NA,NA,NA,NA,NA,NA,NA
2008,"Nondefense_ME",990.52,NA,NA,NA,NA,NA,NA,NA,NA
2009,"Nondefense_ME",1034.29,NA,NA,NA,NA,NA,NA,NA,NA
2010,"Nondefense_ME",1080,NA,NA,NA,NA,NA,NA,NA,NA
2011,"Nondefense_ME",1116.45,NA,NA,NA,NA,NA,NA,NA,NA
2012,"Nondefense_ME",1154.14,NA,NA,NA,NA,NA,NA,NA,NA
2013,"Nondefense_ME",1193.1,NA,NA,NA,NA,NA,NA,NA,NA
2014,"Nondefense_ME",1233.37,NA,NA,NA,NA,NA,NA,NA,NA
2015,"Nondefense_ME",1275,NA,NA,NA,NA,NA,NA,NA,NA
2016,"Nondefense_ME",1326.46,NA,NA,NA,NA,NA,NA,NA,NA
2017,"Nondefense_ME",1380,NA,NA,NA,NA,NA,NA,NA,NA
2018,"Nondefense_ME",1442.16,NA,NA,NA,NA,NA,NA,NA,NA
2019,"Nondefense_ME",1507.12,NA,NA,NA,NA,NA,NA,NA,NA
2020,"Nondefense_ME",1575,NA,NA,NA,NA,NA,NA,NA,NA
2021,"Nondefense_ME",1682.5,NA,NA,NA,NA,NA,NA,NA,NA
2022,"Nondefense_ME",1797.33,NA,NA,NA,NA,NA,NA,NA,NA
2023,"Nondefense_ME",1920,NA,NA,NA,NA,NA,NA,NA,NA
1925,"Nondefense_NRC",33.75,NA,NA,NA,NA,NA,NA,NA,NA
1926,"Nondefense_NRC",35.49,NA,NA,NA,NA,NA,NA,NA,NA
1927,"Nondefense_NRC",37.31,NA,NA,NA,NA,NA,NA,NA,NA
1928,"Nondefense_NRC",39.23,NA,NA,NA,NA,NA,NA,NA,NA
1929,"Nondefense_NRC",41.25,NA,NA,NA,NA,NA,NA,NA,NA
1930,"Nondefense_NRC",41.58,NA,NA,NA,NA,NA,NA,NA,NA
1931,"Nondefense_NRC",41.91,NA,NA,NA,NA,NA,NA,NA,NA
1932,"Nondefense_NRC",42.24,NA,NA,NA,NA,NA,NA,NA,NA
1933,"Nondefense_NRC",42.58,NA,NA,NA,NA,NA,NA,NA,NA
1934,"Nondefense_NRC",42.91,NA,NA,NA,NA,NA,NA,NA,NA
1935,"Nondefense_NRC",43.25,NA,NA,NA,NA,NA,NA,NA,NA
1936,"Nondefense_NRC",43.6,NA,NA,NA,NA,NA,NA,NA,NA
1937,"Nondefense_NRC",43.94,NA,NA,NA,NA,NA,NA,NA,NA
1938,"Nondefense_NRC",44.29,NA,NA,NA,NA,NA,NA,NA,NA
1939,"Nondefense_NRC",44.65,NA,NA,NA,NA,NA,NA,NA,NA
1940,"Nondefense_NRC",45,NA,NA,NA,NA,NA,NA,NA,NA
1941,"Nondefense_NRC",45.73,NA,NA,NA,NA,NA,NA,NA,NA
1942,"Nondefense_NRC",46.46,NA,NA,NA,NA,NA,NA,NA,NA
1943,"Nondefense_NRC",47.21,NA,NA,NA,NA,NA,NA,NA,NA
1944,"Nondefense_NRC",47.98,NA,NA,NA,NA,NA,NA,NA,NA
1945,"Nondefense_NRC",48.75,NA,NA,NA,NA,NA,NA,NA,NA
1946,"Nondefense_NRC",52.03,NA,NA,NA,NA,NA,NA,NA,NA
1947,"Nondefense_NRC",55.53,NA,NA,NA,NA,NA,NA,NA,NA
1948,"Nondefense_NRC",59.26,NA,NA,NA,NA,NA,NA,NA,NA
1949,"Nondefense_NRC",63.25,NA,NA,NA,NA,NA,NA,NA,NA
1950,"Nondefense_NRC",67.5,NA,NA,NA,NA,NA,NA,NA,NA
1951,"Nondefense_NRC",73.74,NA,NA,NA,NA,NA,NA,NA,NA
1952,"Nondefense_NRC",80.55,NA,NA,NA,NA,NA,NA,NA,NA
1953,"Nondefense_NRC",87.99,NA,NA,NA,NA,NA,NA,NA,NA
1954,"Nondefense_NRC",96.12,NA,NA,NA,NA,NA,NA,NA,NA
1955,"Nondefense_NRC",105,NA,NA,NA,NA,NA,NA,NA,NA
1956,"Nondefense_NRC",114.93,NA,NA,NA,NA,NA,NA,NA,NA
1957,"Nondefense_NRC",125.81,NA,NA,NA,NA,NA,NA,NA,NA
1958,"Nondefense_NRC",137.71,NA,NA,NA,NA,NA,NA,NA,NA
1959,"Nondefense_NRC",150.74,NA,NA,NA,NA,NA,NA,NA,NA
1960,"Nondefense_NRC",165,NA,NA,NA,NA,NA,NA,NA,NA
1961,"Nondefense_NRC",178.94,NA,NA,NA,NA,NA,NA,NA,NA
1962,"Nondefense_NRC",194.05,NA,NA,NA,NA,NA,NA,NA,NA
1963,"Nondefense_NRC",210.45,NA,NA,NA,NA,NA,NA,NA,NA
1964,"Nondefense_NRC",228.22,NA,NA,NA,NA,NA,NA,NA,NA
1965,"Nondefense_NRC",247.5,NA,NA,NA,NA,NA,NA,NA,NA
1966,"Nondefense_NRC",268.95,NA,NA,NA,NA,NA,NA,NA,NA
1967,"Nondefense_NRC",292.25,NA,NA,NA,NA,NA,NA,NA,NA
1968,"Nondefense_NRC",317.58,NA,NA,NA,NA,NA,NA,NA,NA
1969,"Nondefense_NRC",345.1,NA,NA,NA,NA,NA,NA,NA,NA
1970,"Nondefense_NRC",375,NA,NA,NA,NA,NA,NA,NA,NA
1971,"Nondefense_NRC",416.99,NA,NA,NA,NA,NA,NA,NA,NA
1972,"Nondefense_NRC",463.67,NA,NA,NA,NA,NA,NA,NA,NA
1973,"Nondefense_NRC",515.59,NA,NA,NA,NA,NA,NA,NA,NA
1974,"Nondefense_NRC",573.31,NA,NA,NA,NA,NA,NA,NA,NA
1975,"Nondefense_NRC",637.5,NA,NA,NA,NA,NA,NA,NA,NA
1976,"Nondefense_NRC",714.19,NA,NA,NA,NA,NA,NA,NA,NA
1977,"Nondefense_NRC",800.11,NA,NA,NA,NA,NA,NA,NA,NA
1978,"Nondefense_NRC",896.36,NA,NA,NA,NA,NA,NA,NA,NA
1979,"Nondefense_NRC",1004.2,NA,NA,NA,NA,NA,NA,NA,NA
1980,"Nondefense_NRC",1125,NA,NA,NA,NA,NA,NA,NA,NA
1981,"Nondefense_NRC",1214.56,NA,NA,NA,NA,NA,NA,NA,NA
1982,"Nondefense_NRC",1311.25,NA,NA,NA,NA,NA,NA,NA,NA
1983,"Nondefense_NRC",1415.64,NA,NA,NA,NA,NA,NA,NA,NA
1984,"Nondefense_NRC",1528.33,NA,NA,NA,NA,NA,NA,NA,NA
1985,"Nondefense_NRC",1650,NA,NA,NA,NA,NA,NA,NA,NA
1986,"Nondefense_NRC",1767.14,NA,NA,NA,NA,NA,NA,NA,NA
1987,"Nondefense_NRC",1892.6,NA,NA,NA,NA,NA,NA,NA,NA
1988,"Nondefense_NRC",2026.97,NA,NA,NA,NA,NA,NA,NA,NA
1989,"Nondefense_NRC",2170.88,NA,NA,NA,NA,NA,NA,NA,NA
1990,"Nondefense_NRC",2325,NA,NA,NA,NA,NA,NA,NA,NA
1991,"Nondefense_NRC",2421.63,NA,NA,NA,NA,NA,NA,NA,NA
1992,"Nondefense_NRC",2522.27,NA,NA,NA,NA,NA,NA,NA,NA
1993,"Nondefense_NRC",2627.1,NA,NA,NA,NA,NA,NA,NA,NA
1994,"Nondefense_NRC",2736.28,NA,NA,NA,NA,NA,NA,NA,NA
1995,"Nondefense_NRC",2850,NA,NA,NA,NA,NA,NA,NA,NA
1996,"Nondefense_NRC",2961.01,NA,NA,NA,NA,NA,NA,NA,NA
1997,"Nondefense_NRC",3076.34,NA,NA,NA,NA,NA,NA,NA,NA
1998,"Nondefense_NRC",3196.17,NA,NA,NA,NA,NA,NA,NA,NA
1999,"Nondefense_NRC",3320.66,NA,NA,NA,NA,NA,NA,NA,NA
2000,"Nondefense_NRC",3450,NA,NA,NA,NA,NA,NA,NA,NA
2001,"Nondefense_NRC",3613.71,NA,NA,NA,NA,NA,NA,NA,NA
2002,"Nondefense_NRC",3785.19,NA,NA,NA,NA,NA,NA,NA,NA
2003,"Nondefense_NRC",3964.8,NA,NA,NA,NA,NA,NA,NA,NA
2004,"Nondefense_NRC",4152.94,NA,NA,NA,NA,NA,NA,NA,NA
2005,"Nondefense_NRC",4350,NA,NA,NA,NA,NA,NA,NA,NA
2006,"Nondefense_NRC",4542.24,NA,NA,NA,NA,NA,NA,NA,NA
2007,"Nondefense_NRC",4742.98,NA,NA,NA,NA,NA,NA,NA,NA
2008,"Nondefense_NRC",4952.59,NA,NA,NA,NA,NA,NA,NA,NA
2009,"Nondefense_NRC",5171.46,NA,NA,NA,NA,NA,NA,NA,NA
2010,"Nondefense_NRC",5400,NA,NA,NA,NA,NA,NA,NA,NA
2011,"Nondefense_NRC",5582.27,NA,NA,NA,NA,NA,NA,NA,NA
2012,"Nondefense_NRC",5770.7,NA,NA,NA,NA,NA,NA,NA,NA
2013,"Nondefense_NRC",5965.48,NA,NA,NA,NA,NA,NA,NA,NA
2014,"Nondefense_NRC",6166.84,NA,NA,NA,NA,NA,NA,NA,NA
2015,"Nondefense_NRC",6375,NA,NA,NA,NA,NA,NA,NA,NA
2016,"Nondefense_NRC",6632.31,NA,NA,NA,NA,NA,NA,NA,NA
2017,"Nondefense_NRC",6900,NA,NA,NA,NA,NA,NA,NA,NA
2018,"Nondefense_NRC",7210.79,NA,NA,NA,NA,NA,NA,NA,NA
2019,"Nondefense_NRC",7535.58,NA,NA,NA,NA,NA,NA,NA,NA
2020,"Nondefense_NRC",7875,NA,NA,NA,NA,NA,NA,NA,NA
2021,"Nondefense_NRC",8412.48,NA,NA,NA,NA,NA,NA,NA,NA
2022,"Nondefense_NRC",8986.65,NA,NA,NA,NA,NA,NA,NA,NA
2023,"Nondefense_NRC",9600,NA,NA,NA,NA,NA,NA,NA,NA
1925,"Nondefense_Total",45,46.58,2,184,2.7,11.04,1.58,6.46044444444444,0.244565217391304
1926,"Nondefense_Total",47.32,48.98,2,184,2.84,11.0431107354184,1.66,6.45477599323753,0.257173913043478
1927,"Nondefense_Total",49.75,51.49,2,184,2.98,11.0215075376884,1.74,6.43537688442211,0.270380434782609
1928,"Nondefense_Total",52.31,54.14,2,184,3.14,11.0449244886255,1.83,6.43701013190594,0.28429347826087
1929,"Nondefense_Total",55,56.93,2,184,2.31,7.728,1.93,6.45672727272727,0.298913043478261
1930,"Nondefense_Total",55.44,57.38,2.04,187.68,2.38,8.0569696969697,1.94,6.56744588744589,0.29539641943734
1931,"Nondefense_Total",55.88,57.84,2.08,191.36,2.4,8.21875447387258,1.96,6.71198282032928,0.292015050167224
1932,"Nondefense_Total",56.32,58.29,2.13,195.96,2.41,8.38536221590909,1.97,6.85442471590909,0.287405592978159
1933,"Nondefense_Total",56.77,58.76,2.17,199.64,2.43,8.54545006165228,1.99,6.99812577065351,0.284361851332398
1934,"Nondefense_Total",57.22,59.22,2.21,203.32,2.45,8.70559245019224,2,7.10660608178958,0.281428290379697
1935,"Nondefense_Total",57.67,59.69,2.26,207.92,2.47,8.90519160742154,2.02,7.28278827813421,0.277366294728742
1936,"Nondefense_Total",58.13,60.16,2.31,212.52,2.49,9.10329950111818,2.03,7.4215654567349,0.273527197440241
1937,"Nondefense_Total",58.59,60.64,2.35,216.2,2.51,9.26202423621778,2.05,7.56460146782727,0.27099907493062
1938,"Nondefense_Total",59.06,61.13,2.4,220.8,2.53,9.4585844903488,2.07,7.73884185573993,0.267481884057971
1939,"Nondefense_Total",59.53,61.61,2.45,225.4,2.55,9.6551318662859,2.08,7.87555854191164,0.264108251996451
1940,"Nondefense_Total",60,62.1,2.5,230,2.57,9.85166666666667,2.1,8.05,0.260869565217391
1941,"Nondefense_Total",60.97,63.1,2.62,241.04,3.1,12.2556011153026,2.13,8.42078399212728,0.252945569200133
1942,"Nondefense_Total",61.95,64.12,2.75,253,3.15,12.864406779661,2.17,8.86214689265537,0.244861660079051
1943,"Nondefense_Total",62.95,65.15,2.88,264.96,3.2,13.4689753772836,2.2,9.25992057188245,0.237583031400966
1944,"Nondefense_Total",63.97,66.21,3.02,277.84,3.25,14.1156792246365,2.24,9.72896045021104,0.230240426144544
1945,"Nondefense_Total",65,67.27,3.16,290.72,3.31,14.8043569230769,2.27,10.1528369230769,0.223582828838745
1946,"Nondefense_Total",69.37,71.8,3.31,304.52,6.8,29.8505982413147,2.43,10.667199077411,0.227801129646657
1947,"Nondefense_Total",74.04,76.63,3.47,319.24,7.26,31.3031118314425,2.59,11.1673635872501,0.2319258238316
1948,"Nondefense_Total",79.02,81.79,3.64,334.88,7.74,32.8014578587699,2.77,11.7390230321438,0.235965121834687
1949,"Nondefense_Total",84.33,87.28,3.82,351.44,8.27,34.4647076959564,2.95,12.2939404719554,0.239955611199636
1950,"Nondefense_Total",90,93.15,4,368,8.82,36.064,3.15,12.88,0.244565217391304
1951,"Nondefense_Total",98.31,101.75,4.29,394.68,11.76,47.2122551113824,3.44,13.810387549588,0.249087868653086
1952,"Nondefense_Total",107.4,111.16,4.59,422.28,12.84,50.4848715083799,3.76,14.7837318435754,0.254333617504973
1953,"Nondefense_Total",117.32,121.43,4.92,452.64,14.03,54.1300647800886,4.11,15.8570610296625,0.259190526687876
1954,"Nondefense_Total",128.16,132.65,5.28,485.76,15.32,58.0668164794008,4.49,17.0182771535581,0.263833992094862
1955,"Nondefense_Total",140,144.9,5.66,520.72,16.74,62.2632342857143,4.9,18.2252,0.268858503610386
1956,"Nondefense_Total",153.25,158.61,6.06,557.52,18.61,67.7027549755302,5.36,19.4995575856444,0.274878031281389
1957,"Nondefense_Total",167.74,173.61,6.5,598,20.37,72.6198879217837,5.87,20.9267914629784,0.280501672240803
1958,"Nondefense_Total",183.61,190.04,6.96,640.32,22.3,77.768836120037,6.43,22.423928979903,0.286747251374313
1959,"Nondefense_Total",200.99,208.02,7.46,686.32,24.41,83.352759838798,7.03,24.0053216577939,0.292851730970976
1960,"Nondefense_Total",220,227.7,8,736,26.71,89.3570909090909,7.7,25.76,0.298913043478261
1961,"Nondefense_Total",238.58,246.93,8.52,783.84,26.93,88.4768681364741,8.35,27.433414368346,0.304373341498265
1962,"Nondefense_Total",258.74,267.8,9.07,834.44,29.21,94.2026451263817,9.06,29.2186225554611,0.310076218781458
1963,"Nondefense_Total",280.59,290.41,9.66,888.72,31.68,100.340887415802,9.82,31.1031412381054,0.315723737510127
1964,"Nondefense_Total",304.3,314.95,10.29,946.68,34.35,106.863154781466,10.65,33.1322444955636,0.321439134660075
1965,"Nondefense_Total",330,341.55,10.95,1007.4,37.25,113.714090909091,11.55,35.259,0.327575938058368
1966,"Nondefense_Total",358.6,371.15,11.67,1073.64,41.15,123.202136084774,12.55,37.5744060234244,0.334003949182221
1967,"Nondefense_Total",389.67,403.31,12.42,1142.64,44.71,131.104355993533,13.64,39.9969451073986,0.34102604494854
1968,"Nondefense_Total",423.44,438.26,13.23,1217.16,48.59,139.669857358776,14.82,42.5994502172681,0.347891813730323
1969,"Nondefense_Total",460.13,476.23,14.09,1296.28,52.8,148.748362419316,16.1,45.3569817225567,0.354961890949486
1970,"Nondefense_Total",500,517.5,15,1380,57.37,158.3412,17.5,48.3,0.36231884057971
1971,"Nondefense_Total",555.98,575.44,15.79,1452.68,75.44,197.111729198892,19.46,50.8456289794597,0.382727097502547
1972,"Nondefense_Total",618.23,639.87,16.61,1528.12,83.89,207.356464099122,21.64,53.4890199440338,0.404569012904746
1973,"Nondefense_Total",687.45,711.51,17.48,1608.16,93.28,218.211018692269,24.06,56.2838455160375,0.427476121778927
1974,"Nondefense_Total",764.41,791.16,18.4,1692.8,103.72,229.689847071598,26.75,59.2383668450177,0.4515654536862
1975,"Nondefense_Total",850,879.75,19.36,1781.12,115.34,241.687506823529,29.75,62.3392,0.477227811713978
1976,"Nondefense_Total",952.26,985.59,20.38,1874.96,135.58,266.951333459349,33.33,65.6253720622519,0.50788283483381
1977,"Nondefense_Total",1066.81,1104.15,21.45,1973.4,151.9,280.986736157329,37.34,69.0720521929866,0.540594912334043
1978,"Nondefense_Total",1195.15,1236.98,22.57,2076.44,170.17,295.651420156466,41.83,72.6749656528469,0.575576467415384
1979,"Nondefense_Total",1338.93,1385.79,23.76,2185.92,190.64,311.236426698931,46.86,76.5030369026013,0.612524703557312
1980,"Nondefense_Total",1500,1552.5,25,2300,213.57,327.474,52.5,80.5,0.652173913043478
1981,"Nondefense_Total",1619.41,1676.09,26.33,2422.36,176.09,263.400480668886,56.68,84.783572288673,0.668525735233409
1982,"Nondefense_Total",1748.33,1809.52,27.73,2551.16,190.11,277.408170997466,61.19,89.2883382427803,0.685307859953903
1983,"Nondefense_Total",1887.51,1953.57,29.21,2687.32,205.24,292.208018394605,66.06,94.0521423462657,0.702376345206377
1984,"Nondefense_Total",2037.78,2109.1,30.77,2830.84,221.58,307.814154226659,71.32,99.0762048896348,0.719849938534145
1985,"Nondefense_Total",2200,2277,32.4,2980.8,239.22,324.121352727273,77,104.328,0.738056897477187
1986,"Nondefense_Total",2356.19,2438.66,34.13,3139.96,238.66,318.04856722081,82.47,109.903064353893,0.750388539981401
1987,"Nondefense_Total",2523.47,2611.79,35.95,3307.4,255.6,335.003562554736,88.32,115.75709954943,0.762976960754671
1988,"Nondefense_Total",2702.63,2797.22,37.86,3483.12,273.75,352.806007481601,94.59,121.90655798241,0.775922161740049
1989,"Nondefense_Total",2894.5,2995.81,39.88,3668.96,293.18,371.624008567974,101.31,128.416768906547,0.788915660023549
1990,"Nondefense_Total",3100,3208.5,42,3864,314,391.385806451613,108.5,135.24,0.802277432712215
1991,"Nondefense_Total",3228.84,3341.85,43.38,3990.96,241.85,298.935120972238,113.01,139.684341621139,0.809038426844669
1992,"Nondefense_Total",3363.03,3480.74,44.8,4121.6,251.9,308.718935008014,117.71,144.260840967818,0.815952542701863
1993,"Nondefense_Total",3502.8,3625.4,46.27,4256.84,262.37,318.849808952838,122.6,148.991830535572,0.822863908439124
1994,"Nondefense_Total",3648.37,3776.06,47.79,4396.68,273.27,329.319872600641,127.69,153.880244931298,0.829801122665284
1995,"Nondefense_Total",3800,3933,49.36,4541.12,284.63,340.141838315789,133,158.9392,0.836797970544712
1996,"Nondefense_Total",3948.01,4086.19,50.97,4689.24,286.19,339.921528972824,138.18,164.122984288287,0.841929609062449
1997,"Nondefense_Total",4101.79,4245.35,52.65,4843.8,297.34,351.128529739455,143.56,169.529870617462,0.846812420000826
1998,"Nondefense_Total",4261.56,4410.71,54.37,5002.04,308.92,362.597311031641,149.15,175.066000713354,0.851964398525402
1999,"Nondefense_Total",4427.55,4582.51,56.16,5166.72,320.95,374.531915845106,154.96,180.830240471593,0.856936315496098
2000,"Nondefense_Total",4600,4761,58,5336,333.45,386.802,161,186.76,0.862068965517241
2001,"Nondefense_Total",4818.28,4986.92,59.74,5496.08,386.92,441.349044389284,168.64,192.363028134521,0.876675739800003
2002,"Nondefense_Total",5046.91,5223.55,61.54,5661.68,405.28,454.647630015197,176.64,198.15672464934,0.89141562221814
2003,"Nondefense_Total",5286.4,5471.42,63.39,5831.88,424.51,468.313290481235,185.02,204.111387257869,0.906465839489153
2004,"Nondefense_Total",5537.25,5731.05,65.3,6007.6,444.65,482.419854620976,193.8,210.261931464174,0.921707503828484
2005,"Nondefense_Total",5800,6003,67.26,6187.92,465.75,496.900644827586,203,216.5772,0.937310113899339
2006,"Nondefense_Total",6056.32,6268.29,69.28,6373.76,468.29,492.835264715207,211.97,223.080337102399,0.950195802791445
2007,"Nondefense_Total",6323.97,6545.31,71.37,6566.04,488.99,507.707642446122,221.34,229.812490192079,0.963133029954128
2008,"Nondefense_Total",6603.45,6834.57,73.51,6762.92,510.6,522.930733480226,231.12,236.701431887877,0.976419948779521
2009,"Nondefense_Total",6895.28,7136.61,75.72,6966.24,533.16,538.646801638222,241.33,243.813550602731,0.989813730218884
2010,"Nondefense_Total",7200,7452,78,7176,556.72,554.864266666667,252,251.16,1.00334448160535
2011,"Nondefense_Total",7443.03,7703.54,79.9,7350.8,503.54,497.300404808257,260.51,257.281901053737,1.01254693366708
2012,"Nondefense_Total",7694.26,7963.56,81.86,7531.12,520.53,509.49329676928,269.3,263.590080917463,1.02166211665728
2013,"Nondefense_Total",7953.98,8232.37,83.85,7714.2,538.1,521.878483476197,278.39,269.99767889786,1.03108293795857
2014,"Nondefense_Total",8222.46,8510.25,85.9,7902.8,556.27,534.644200883921,287.79,276.601748381871,1.04044895480083
2015,"Nondefense_Total",8500,8797.5,88,8096,575.04,547.708687058824,297.5,283.36,1.04990118577075
2016,"Nondefense_Total",8843.08,9152.59,93.81,8630.52,652.58,636.894016745297,309.51,302.070347118877,1.02462887520103
2017,"Nondefense_Total",9200,9522,100,9200,678.92,678.92,322,322,1
2018,"Nondefense_Total",9614.39,9950.89,102.28,9409.76,750.89,734.908266296666,336.5,329.338027685584,1.02174656951931
2019,"Nondefense_Total",10047.44,10399.1,104.61,9624.12,784.71,751.64850003583,351.66,336.84381685285,1.04398532021629
2020,"Nondefense_Total",10500,10867.5,107,9844,820.06,768.825775238095,367.5,344.54,1.06663957740756
2021,"Nondefense_Total",11216.64,11609.22,109.6,10083.2,1109.22,997.133464566929,392.58,352.909842519685,1.11240875912409
2022,"Nondefense_Total",11982.2,12401.58,112.27,10328.84,1184.93,1021.42781636094,419.38,361.511986045968,1.16007218622808
2023,"Nondefense_Total",12800,13248,115,10580,1265.8,1046.2628125,448,370.3,1.20982986767486
